event_id,home_team,away_team,match,tournament,kickoff,target,pick,model_prob_%,implied_prob_%,edge_%,decimal_odds,model_auc,has_odds_match,hit_rate_%
sr:match:72409678,FC Chernomorets Odessa,FC Livyi Bereh Kyiv,FC Chernomorets Odessa vs FC Livyi Bereh Kyiv,Premier League,2026-09-04 11:00,target__away_clean_sheet,Away Clean Sheet,47.3,42.6,4.7,2.35,0.6508,True,23.0
sr:match:73601716,Sheffield Wednesday U21,Wigan Athletic U21,Sheffield Wednesday U21 vs Wigan Athletic U21,U21 Professional Development League,2026-09-04 12:00,target__away_clean_sheet,Away Clean Sheet,21.8,18.5,3.3,5.4,0.6508,True,23.0
sr:match:72044312,Vejle BK,Vendsyssel FF,Vejle BK vs Vendsyssel FF,1. Division,2026-09-04 17:00,target__away_clean_sheet,Away Clean Sheet,21.8,16.4,5.4,6.1,0.6508,True,23.0
sr:match:72979702,Lusail SC,AL Wakrah SC,Lusail SC vs AL Wakrah SC,Stars League,2026-09-04 17:15,target__away_clean_sheet,Away Clean Sheet,47.3,37.0,10.2,2.7,0.6508,True,23.0
sr:match:73409246,FK Kapaz,Shamakhi FK,FK Kapaz vs Shamakhi FK,Premier League,2026-09-04 17:15,target__away_clean_sheet,Away Clean Sheet,47.3,39.2,8.1,2.55,0.6508,True,23.0
sr:match:72513834,Hannover 96,Karlsruher SC,Hannover 96 vs Karlsruher SC,2. Bundesliga,2026-09-04 17:30,target__away_clean_sheet,Away Clean Sheet,21.8,15.9,5.9,6.3,0.6508,True,23.0
sr:match:67993690,IF Fuglafjordur,FC Hoyvik,IF Fuglafjordur vs FC Hoyvik,1st deild,2026-09-04 17:30,target__away_clean_sheet,Away Clean Sheet,21.8,14.3,7.5,7.0,0.6508,True,23.0
sr:match:72723182,Istanbul BB,Galatasaray Istanbul,Istanbul BB vs Galatasaray Istanbul,Super Lig,2026-09-04 18:00,target__away_clean_sheet,Away Clean Sheet,47.3,35.1,12.2,2.85,0.6508,True,23.0
sr:match:68320336,IFK Kumla,IFK Skovde FK,IFK Kumla vs IFK Skovde FK,Division 2,2026-09-04 18:00,target__away_clean_sheet,Away Clean Sheet,47.3,40.0,7.3,2.5,0.6508,True,23.0
sr:match:68311084,Assyriska FF,IFK Stocksund,Assyriska FF vs IFK Stocksund,Ettan,2026-09-04 18:30,target__away_clean_sheet,Away Clean Sheet,21.8,16.9,4.8,5.9,0.6508,True,23.0
sr:match:73159924,Al Ahli Saudi FC,Al-Riyadh SC,Al Ahli Saudi FC vs Al-Riyadh SC,Saudi Pro League,2026-09-04 19:00,target__away_clean_sheet,Away Clean Sheet,21.8,13.5,8.3,7.4,0.6508,True,23.0
sr:match:73159926,Al-Shabab FC (SA),Al Hilal SFC,Al-Shabab FC (SA) vs Al Hilal SFC,Saudi Pro League,2026-09-04 19:00,target__away_clean_sheet,Away Clean Sheet,47.3,43.5,3.8,2.3,0.6508,True,23.0
sr:match:72044610,Almere City FC,Jong Ajax Amsterdam,Almere City FC vs Jong Ajax Amsterdam,Eerste Divisie,2026-09-04 19:00,target__away_clean_sheet,Away Clean Sheet,21.8,13.0,8.8,7.7,0.6508,True,23.0
sr:match:72044616,Heracles Almelo,De Graafschap,Heracles Almelo vs De Graafschap,Eerste Divisie,2026-09-04 19:00,target__away_clean_sheet,Away Clean Sheet,21.8,13.2,8.6,7.6,0.6508,True,23.0
sr:match:72546042,Swansea University,Carmarthen Town,Swansea University vs Carmarthen Town,Cymru Championship South,2026-09-04 19:30,target__away_clean_sheet,Away Clean Sheet,21.8,17.4,4.4,5.75,0.6508,True,23.0
sr:match:72203020,Lommel SK,Club Brugge,Lommel SK vs Club Brugge,Pro League,2026-09-04 19:45,target__away_clean_sheet,Away Clean Sheet,47.3,40.8,6.5,2.45,0.6508,True,23.0
sr:match:72478530,Betis,Real Madrid,Betis vs Real Madrid,LaLiga,2026-09-04 20:00,target__away_clean_sheet,Away Clean Sheet,47.3,38.5,8.8,2.6,0.6508,True,23.0
sr:match:68823230,Athletic Club Sjdr MG,Vila Nova FC GO,Athletic Club Sjdr MG vs Vila Nova FC GO,Brasileiro Serie B,2026-09-05 00:30,target__away_clean_sheet,Away Clean Sheet,47.3,37.0,10.2,2.7,0.6508,True,23.0
sr:match:72636186,Orsomarso SC,Real Cartagena FC,Orsomarso SC vs Real Cartagena FC,Torneo DIMAYOR,2026-09-05 01:30,target__away_clean_sheet,Away Clean Sheet,47.3,40.0,7.3,2.5,0.6508,True,23.0
sr:match:73813190,CS Alagoano AL,Nacional FC AM,CS Alagoano AL vs Nacional FC AM,Brasileiro Serie D,2026-09-04 00:00,target__away_win,Away Win,23.6,16.7,6.9,6.0,0.7237,True,32.7
sr:match:72335056,Deportivo Pereira FC SA,Independiente Medellin,Deportivo Pereira FC SA vs Independiente Medellin,Liga DIMAYOR,2026-09-04 02:00,target__away_win,Away Win,74.3,65.4,9.0,1.53,0.7237,True,32.7
sr:match:68046718,Chungbuk Cheongju FC,Seoul E-Land FC,Chungbuk Cheongju FC vs Seoul E-Land FC,K-League 2,2026-09-04 11:30,target__away_win,Away Win,74.3,55.9,18.5,1.79,0.7237,True,32.7
sr:match:68046720,Paju Frontier FC,Daegu FC,Paju Frontier FC vs Daegu FC,K-League 2,2026-09-04 11:30,target__away_win,Away Win,74.3,62.9,11.4,1.59,0.7237,True,32.7
sr:match:73549868,Binh Phuoc,The Cong - Viettel FC,Binh Phuoc vs The Cong - Viettel FC,V-League 1,2026-09-04 12:00,target__away_win,Away Win,56.2,50.0,6.2,2.0,0.7237,True,32.7
sr:match:72654236,Bangu AC RJ,CR Flamengo RJ,Bangu AC RJ vs CR Flamengo RJ,"U20 Carioca, Serie A",2026-09-04 14:00,target__away_win,Away Win,74.3,65.8,8.5,1.52,0.7237,True,32.7
sr:match:74078068,Nurmijarven Jalkapalloseura,Musan Salama,Nurmijarven Jalkapalloseura vs Musan Salama,Kakkonen,2026-09-04 16:00,target__away_win,Away Win,74.3,48.8,25.6,2.05,0.7237,True,32.7
sr:match:72548380,SVG Bleiburg,SK Treibach,SVG Bleiburg vs SK Treibach,Regionalliga Sud,2026-09-04 16:00,target__away_win,Away Win,74.3,68.5,5.8,1.46,0.7237,True,32.7
sr:match:71998184,FK Septemvri Sofia,POFC Botev Vratsa,FK Septemvri Sofia vs POFC Botev Vratsa,Parva Liga,2026-09-04 17:00,target__away_win,Away Win,42.4,35.1,7.4,2.85,0.7237,True,32.7
sr:match:72044312,Vejle BK,Vendsyssel FF,Vejle BK vs Vendsyssel FF,1. Division,2026-09-04 17:00,target__away_win,Away Win,23.6,17.4,6.2,5.75,0.7237,True,32.7
sr:match:72230730,Pogon Grodzisk Mazowiecki,Warta Poznan,Pogon Grodzisk Mazowiecki vs Warta Poznan,1. Liga,2026-09-04 17:00,target__away_win,Away Win,42.4,39.2,3.2,2.55,0.7237,True,32.7
sr:match:72300758,1.SK Prostejov,FC Silon Taborsko,1.SK Prostejov vs FC Silon Taborsko,FNL,2026-09-04 17:00,target__away_win,Away Win,50.0,40.0,10.0,2.5,0.7237,True,32.7
sr:match:67604962,PK-35 Helsinki,Ekenas Idrottsforening,PK-35 Helsinki vs Ekenas Idrottsforening,Ykkosliiga,2026-09-04 17:00,target__away_win,Away Win,24.1,19.6,4.5,5.1,0.7237,True,32.7
sr:match:72224016,FK Jonava,Dfk Dainava Alytus,FK Jonava vs Dfk Dainava Alytus,1 Lyga,2026-09-04 17:00,target__away_win,Away Win,50.0,45.5,4.5,2.2,0.7237,True,32.7
sr:match:72979702,Lusail SC,AL Wakrah SC,Lusail SC vs AL Wakrah SC,Stars League,2026-09-04 17:15,target__away_win,Away Win,74.3,59.5,14.8,1.68,0.7237,True,32.7
sr:match:72513834,Hannover 96,Karlsruher SC,Hannover 96 vs Karlsruher SC,2. Bundesliga,2026-09-04 17:30,target__away_win,Away Win,29.5,21.7,7.8,4.6,0.7237,True,32.7
sr:match:67993690,IF Fuglafjordur,FC Hoyvik,IF Fuglafjordur vs FC Hoyvik,1st deild,2026-09-04 17:30,target__away_win,Away Win,23.6,19.0,4.5,5.25,0.7237,True,32.7
sr:match:67015368,Aalesunds FK,IK Start,Aalesunds FK vs IK Start,Eliteserien,2026-09-04 18:00,target__away_win,Away Win,42.4,33.1,9.3,3.02,0.7237,True,32.7
sr:match:67126326,IFK Norrkoping FK,Ljungskile SK,IFK Norrkoping FK vs Ljungskile SK,Superettan,2026-09-04 18:00,target__away_win,Away Win,24.1,17.9,6.2,5.6,0.7237,True,32.7
sr:match:68311792,FC Rosengaard 1917,Laholms FK,FC Rosengaard 1917 vs Laholms FK,Ettan,2026-09-04 18:00,target__away_win,Away Win,24.1,20.0,4.1,5.0,0.7237,True,32.7
sr:match:68320336,IFK Kumla,IFK Skovde FK,IFK Kumla vs IFK Skovde FK,Division 2,2026-09-04 18:00,target__away_win,Away Win,74.3,63.7,10.6,1.57,0.7237,True,32.7
sr:match:72176570,SC Kriens,Stade Lausanne Ouchy,SC Kriens vs Stade Lausanne Ouchy,Challenge League,2026-09-04 18:30,target__away_win,Away Win,56.2,45.5,10.7,2.2,0.7237,True,32.7
sr:match:68311084,Assyriska FF,IFK Stocksund,Assyriska FF vs IFK Stocksund,Ettan,2026-09-04 18:30,target__away_win,Away Win,30.6,27.0,3.6,3.7,0.7237,True,32.7
sr:match:73159926,Al-Shabab FC (SA),Al Hilal SFC,Al-Shabab FC (SA) vs Al Hilal SFC,Saudi Pro League,2026-09-04 19:00,target__away_win,Away Win,82.5,76.9,5.6,1.3,0.7237,True,32.7
sr:match:72044610,Almere City FC,Jong Ajax Amsterdam,Almere City FC vs Jong Ajax Amsterdam,Eerste Divisie,2026-09-04 19:00,target__away_win,Away Win,24.1,17.9,6.2,5.6,0.7237,True,32.7
sr:match:72044614,Helmond Sport,VVV Venlo,Helmond Sport vs VVV Venlo,Eerste Divisie,2026-09-04 19:00,target__away_win,Away Win,42.4,39.2,3.2,2.55,0.7237,True,32.7
sr:match:72044616,Heracles Almelo,De Graafschap,Heracles Almelo vs De Graafschap,Eerste Divisie,2026-09-04 19:00,target__away_win,Away Win,23.6,17.4,6.2,5.75,0.7237,True,32.7
sr:match:72044618,RKC Waalwijk,NAC Breda,RKC Waalwijk vs NAC Breda,Eerste Divisie,2026-09-04 19:00,target__away_win,Away Win,50.0,44.4,5.6,2.25,0.7237,True,32.7
sr:match:71936092,FC Cajamarca,Cienciano,FC Cajamarca vs Cienciano,Liga 1,2026-09-04 19:00,target__away_win,Away Win,50.0,45.5,4.5,2.2,0.7237,True,32.7
sr:match:73685066,Coventry City U21,West Bromwich Albion FC U21,Coventry City U21 vs West Bromwich Albion FC U21,Premier League Cup,2026-09-04 19:00,target__away_win,Away Win,56.2,48.8,7.4,2.05,0.7237,True,32.7
sr:match:72513166,Stuttgart,Cologne,Stuttgart vs Cologne,Bundesliga,2026-09-04 19:30,target__away_win,Away Win,24.1,17.7,6.4,5.65,0.7237,True,32.7
sr:match:72546040,Llanelli Town,Treowen Stars,Llanelli Town vs Treowen Stars,Cymru Championship South,2026-09-04 19:30,target__away_win,Away Win,57.0,51.3,5.7,1.95,0.7237,True,32.7
sr:match:71945234,Genoa,Como 1907,Genoa vs Como 1907,Serie A,2026-09-04 19:45,target__away_win,Away Win,74.3,54.3,20.0,1.84,0.7237,True,32.7
sr:match:72522018,Holywell Town,Trefelin BGC,Holywell Town vs Trefelin BGC,Cymru Premier,2026-09-04 19:45,target__away_win,Away Win,56.2,45.5,10.7,2.2,0.7237,True,32.7
sr:match:72522012,Caernarfon Town FC,Flint Town United,Caernarfon Town FC vs Flint Town United,Cymru Premier,2026-09-04 19:45,target__away_win,Away Win,29.5,18.9,10.6,5.3,0.7237,True,32.7
sr:match:66854896,Bray Wanderers AFC,Cork City FC,Bray Wanderers AFC vs Cork City FC,First Division,2026-09-04 19:45,target__away_win,Away Win,56.2,50.8,5.4,1.97,0.7237,True,32.7
sr:match:66854902,Treaty United,Wexford FC,Treaty United vs Wexford FC,First Division,2026-09-04 19:45,target__away_win,Away Win,42.4,39.2,3.2,2.55,0.7237,True,32.7
sr:match:72221244,Ipswich Town,Liverpool,Ipswich Town vs Liverpool,Premier League,2026-09-04 20:00,target__away_win,Away Win,74.3,65.4,9.0,1.53,0.7237,True,32.7
sr:match:72478530,Betis,Real Madrid,Betis vs Real Madrid,LaLiga,2026-09-04 20:00,target__away_win,Away Win,74.3,70.4,3.9,1.42,0.7237,True,32.7
sr:match:72230726,Bruk-Bet Termalica Nieciecza,KS Lechia Gdansk,Bruk-Bet Termalica Nieciecza vs KS Lechia Gdansk,1. Liga,2026-09-04 20:00,target__away_win,Away Win,42.4,30.8,11.7,3.25,0.7237,True,32.7
sr:match:73487130,Cdt Real Oruro,San Antonio Bulo Bulo,Cdt Real Oruro vs San Antonio Bulo Bulo,Division Profesional,2026-09-04 20:00,target__away_win,Away Win,29.5,25.6,3.9,3.9,0.7237,True,32.7
sr:match:71936084,Alianza Atletico,UTC de Cajamarca,Alianza Atletico vs UTC de Cajamarca,Liga 1,2026-09-04 21:15,target__away_win,Away Win,23.6,19.6,4.0,5.1,0.7237,True,32.7
sr:match:68157088,Crown Legacy FC,Chicago Fire FC II,Crown Legacy FC vs Chicago Fire FC II,MLS Next Pro,2026-09-04 22:30,target__away_win,Away Win,30.6,27.0,3.6,3.7,0.7237,True,32.7
sr:match:74123914,Montevideo City Torque,Cerro Largo FC,Montevideo City Torque vs Cerro Largo FC,Primera Division,2026-09-04 23:00,target__away_win,Away Win,23.6,19.6,4.0,5.1,0.7237,True,32.7
sr:match:68157086,Carolina Core FC,New England Revolution II,Carolina Core FC vs New England Revolution II,MLS Next Pro,2026-09-04 23:30,target__away_win,Away Win,50.0,45.5,4.5,2.2,0.7237,True,32.7
sr:match:68157094,Toronto FC II,FC Cincinnati 2,Toronto FC II vs FC Cincinnati 2,MLS Next Pro,2026-09-05 00:00,target__away_win,Away Win,29.5,26.3,3.2,3.8,0.7237,True,32.7
sr:match:72636186,Orsomarso SC,Real Cartagena FC,Orsomarso SC vs Real Cartagena FC,Torneo DIMAYOR,2026-09-05 01:30,target__away_win,Away Win,50.0,45.5,4.5,2.2,0.7237,True,32.7
sr:match:73217376,Juventud Antoniana,Kimberley de Mar Del Plata,Juventud Antoniana vs Kimberley de Mar Del Plata,Torneo Federal A,2026-09-05 02:00,target__away_win,Away Win,24.1,20.4,3.7,4.9,0.7237,True,32.7
sr:match:72439838,US Lecce,AS Roma,US Lecce vs AS Roma,Primavera 1,2026-09-04 10:00,target__btts_no,BTTS No,50.2,46.5,3.7,2.15,0.616,True,46.5
sr:match:74301786,FC Admira Wacker Modling,Rapid Wien II,FC Admira Wacker Modling vs Rapid Wien II,Club Friendly Games,2026-09-04 10:00,target__btts_no,BTTS No,50.2,40.0,10.2,2.5,0.616,True,46.5
sr:match:72409678,FC Chernomorets Odessa,FC Livyi Bereh Kyiv,FC Chernomorets Odessa vs FC Livyi Bereh Kyiv,Premier League,2026-09-04 11:00,target__btts_no,BTTS No,66.2,59.5,6.7,1.68,0.616,True,46.5
sr:match:72979702,Lusail SC,AL Wakrah SC,Lusail SC vs AL Wakrah SC,Stars League,2026-09-04 17:15,target__btts_no,BTTS No,50.2,45.5,4.7,2.2,0.616,True,46.5
sr:match:73409246,FK Kapaz,Shamakhi FK,FK Kapaz vs Shamakhi FK,Premier League,2026-09-04 17:15,target__btts_no,BTTS No,66.2,60.6,5.6,1.65,0.616,True,46.5
sr:match:67015356,Fredrikstad FK,Bodoe/Glimt,Fredrikstad FK vs Bodoe/Glimt,Eliteserien,2026-09-04 18:00,target__btts_no,BTTS No,62.7,48.8,13.9,2.05,0.616,True,46.5
sr:match:72083038,FK Novi Pazar,FK Zeleznicar Pancevo,FK Novi Pazar vs FK Zeleznicar Pancevo,Superliga,2026-09-04 18:00,target__btts_no,BTTS No,54.5,47.6,6.9,2.1,0.616,True,46.5
sr:match:72548382,ATSV Wolfsberg,SV Donau Klagenfurt,ATSV Wolfsberg vs SV Donau Klagenfurt,Regionalliga Sud,2026-09-04 18:00,target__btts_no,BTTS No,44.9,38.5,6.5,2.6,0.616,True,46.5
sr:match:72548490,SV Allerheiligen,SV Tillmitsch,SV Allerheiligen vs SV Tillmitsch,Regionalliga Sud,2026-09-04 18:00,target__btts_no,BTTS No,44.4,38.5,5.9,2.6,0.616,True,46.5
sr:match:73258792,Richards Bay FC,AmaZulu FC,Richards Bay FC vs AmaZulu FC,Premiership,2026-09-04 18:30,target__btts_no,BTTS No,66.2,62.9,3.3,1.59,0.616,True,46.5
sr:match:73159926,Al-Shabab FC (SA),Al Hilal SFC,Al-Shabab FC (SA) vs Al Hilal SFC,Saudi Pro League,2026-09-04 19:00,target__btts_no,BTTS No,62.7,47.6,15.1,2.1,0.616,True,46.5
sr:match:72546042,Swansea University,Carmarthen Town,Swansea University vs Carmarthen Town,Cymru Championship South,2026-09-04 19:30,target__btts_no,BTTS No,44.4,37.7,6.7,2.65,0.616,True,46.5
sr:match:67015364,Sandefjord Fotball,Viking FK,Sandefjord Fotball vs Viking FK,Eliteserien,2026-09-04 20:00,target__btts_no,BTTS No,44.4,40.0,4.4,2.5,0.616,True,46.5
sr:match:72636184,Bogota FC,Independiente Valle Del Cauca,Bogota FC vs Independiente Valle Del Cauca,Torneo DIMAYOR,2026-09-04 23:00,target__btts_no,BTTS No,66.2,61.0,5.2,1.64,0.616,True,46.5
sr:match:68157086,Carolina Core FC,New England Revolution II,Carolina Core FC vs New England Revolution II,MLS Next Pro,2026-09-04 23:30,target__btts_no,BTTS No,44.9,41.7,3.2,2.4,0.616,True,46.5
sr:match:68823230,Athletic Club Sjdr MG,Vila Nova FC GO,Athletic Club Sjdr MG vs Vila Nova FC GO,Brasileiro Serie B,2026-09-05 00:30,target__btts_no,BTTS No,62.7,58.8,3.9,1.7,0.616,True,46.5
sr:match:72636180,Internacional de Palmira,Real Cundinamarca,Internacional de Palmira vs Real Cundinamarca,Torneo DIMAYOR,2026-09-04 00:00,target__btts_yes,BTTS Yes,60.1,53.2,6.9,1.88,0.6112,True,53.5
sr:match:73945158,FC Syunik,FC Pyunik Yerevan,FC Syunik vs FC Pyunik Yerevan,Premier League,2026-09-04 13:00,target__btts_yes,BTTS Yes,50.8,47.6,3.1,2.1,0.6112,True,53.5
sr:match:72281298,NK Dekani,Tabor Sezana,NK Dekani vs Tabor Sezana,2. Liga,2026-09-04 16:00,target__btts_yes,BTTS Yes,50.8,46.5,4.2,2.15,0.6112,True,53.5
sr:match:73588088,Shabab AL Ordun,Ramtha SC,Shabab AL Ordun vs Ramtha SC,Jordan League,2026-09-04 16:00,target__btts_yes,BTTS Yes,60.1,55.2,4.9,1.81,0.6112,True,53.5
sr:match:67912788,FC Rustavi,FC Dinamo Batumi,FC Rustavi vs FC Dinamo Batumi,Erovnuli Liga,2026-09-04 17:00,target__btts_yes,BTTS Yes,65.0,58.1,6.9,1.72,0.6112,True,53.5
sr:match:72300756,FC Vlasim,FK Fotbal Trinec,FC Vlasim vs FK Fotbal Trinec,FNL,2026-09-04 17:00,target__btts_yes,BTTS Yes,66.3,63.3,3.1,1.58,0.6112,True,53.5
sr:match:73945160,FC Noah Yerevan,Gandzasar Kapan FC,FC Noah Yerevan vs Gandzasar Kapan FC,Premier League,2026-09-04 17:00,target__btts_yes,BTTS Yes,50.8,41.7,9.1,2.4,0.6112,True,53.5
sr:match:73675422,AL-Khaldiya SC,Aali,AL-Khaldiya SC vs Aali,Premier League,2026-09-04 17:00,target__btts_yes,BTTS Yes,50.8,44.4,6.3,2.25,0.6112,True,53.5
sr:match:73937056,FC Tekstilshchik Ivanovo,Torpedo Moscow,FC Tekstilshchik Ivanovo vs Torpedo Moscow,1. Liga,2026-09-04 17:30,target__btts_yes,BTTS Yes,66.3,46.5,19.8,2.15,0.6112,True,53.5
sr:match:73658728,AS Port,Zamalek SC,AS Port vs Zamalek SC,CAF Champions League,2026-09-04 18:00,target__btts_yes,BTTS Yes,49.1,28.6,20.5,3.5,0.6112,True,53.5
sr:match:67015368,Aalesunds FK,IK Start,Aalesunds FK vs IK Start,Eliteserien,2026-09-04 18:00,target__btts_yes,BTTS Yes,73.0,69.0,4.0,1.45,0.6112,True,53.5
sr:match:72044314,HB Koege,Hillerod Fodbold,HB Koege vs Hillerod Fodbold,1. Division,2026-09-04 18:00,target__btts_yes,BTTS Yes,73.0,65.4,7.6,1.53,0.6112,True,53.5
sr:match:73954146,Al Arabi,Al Salibikhaet,Al Arabi vs Al Salibikhaet,Premier League,2026-09-04 18:50,target__btts_yes,BTTS Yes,50.8,40.8,9.9,2.45,0.6112,True,53.5
sr:match:73658686,JS Saoura,Horoya AC,JS Saoura vs Horoya AC,CAF Champions League,2026-09-04 19:00,target__btts_yes,BTTS Yes,49.0,41.7,7.3,2.4,0.6112,True,53.5
sr:match:72037312,Grenoble Foot,FC Annecy,Grenoble Foot vs FC Annecy,Ligue 2,2026-09-04 19:00,target__btts_yes,BTTS Yes,60.1,54.1,6.1,1.85,0.6112,True,53.5
sr:match:72037314,Stade Lavallois MFC,Red Star FC,Stade Lavallois MFC vs Red Star FC,Ligue 2,2026-09-04 19:00,target__btts_yes,BTTS Yes,60.1,55.2,4.9,1.81,0.6112,True,53.5
sr:match:72302116,FCV Dender EH,RFC Seraing,FCV Dender EH vs RFC Seraing,Challenger Pro League,2026-09-04 19:00,target__btts_yes,BTTS Yes,61.1,57.8,3.3,1.73,0.6112,True,53.5
sr:match:72044614,Helmond Sport,VVV Venlo,Helmond Sport vs VVV Venlo,Eerste Divisie,2026-09-04 19:00,target__btts_yes,BTTS Yes,73.0,67.6,5.4,1.48,0.6112,True,53.5
sr:match:67125946,Yupanqui,Leones de Rosario FC,Yupanqui vs Leones de Rosario FC,Primera C,2026-09-04 19:00,target__btts_yes,BTTS Yes,60.1,55.9,4.3,1.79,0.6112,True,53.5
sr:match:73345984,London City Lionesses,Manchester United WFC,London City Lionesses vs Manchester United WFC,Super League Women,2026-09-04 19:00,target__btts_yes,BTTS Yes,65.0,58.5,6.5,1.71,0.6112,True,53.5
sr:match:73831888,Waterford FC,Sligo Rovers FC,Waterford FC vs Sligo Rovers FC,FAI Cup,2026-09-04 19:45,target__btts_yes,BTTS Yes,60.1,56.8,3.3,1.76,0.6112,True,53.5
sr:match:72738124,Altrincham FC,Eastleigh FC,Altrincham FC vs Eastleigh FC,National League,2026-09-04 19:45,target__btts_yes,BTTS Yes,66.3,62.1,4.2,1.61,0.6112,True,53.5
sr:match:72036158,PSG,Monaco,PSG vs Monaco,Ligue 1,2026-09-04 20:05,target__btts_yes,BTTS Yes,66.3,60.2,6.1,1.66,0.6112,True,53.5
sr:match:72530902,Porto,Moreirense FC,Porto vs Moreirense FC,Liga Portugal,2026-09-04 20:15,target__btts_yes,BTTS Yes,48.3,37.7,10.5,2.65,0.6112,True,53.5
sr:match:72559028,SD Ponferradina,CD Lugo,SD Ponferradina vs CD Lugo,Primera Federacion,2026-09-04 20:15,target__btts_yes,BTTS Yes,50.8,47.6,3.1,2.1,0.6112,True,53.5
sr:match:74236136,Carapegua,Paraguari AC,Carapegua vs Paraguari AC,Division Intermedia,2026-09-04 20:30,target__btts_yes,BTTS Yes,60.1,56.5,3.6,1.77,0.6112,True,53.5
sr:match:74136182,JS Kabylie,MB Rouissat,JS Kabylie vs MB Rouissat,Ligue 1,2026-09-04 21:00,target__btts_yes,BTTS Yes,49.0,44.4,4.5,2.25,0.6112,True,53.5
sr:match:74247602,Asociacion Deportivo Cali,Orsomarso SC,Asociacion Deportivo Cali vs Orsomarso SC,Liga Femenina,2026-09-04 22:00,target__btts_yes,BTTS Yes,50.8,41.7,9.1,2.4,0.6112,True,53.5
sr:match:67117930,Ferro Carril Oeste,Mitre Santiago del Estero,Ferro Carril Oeste vs Mitre Santiago del Estero,Primera Nacional,2026-09-05 00:00,target__btts_yes,BTTS Yes,44.5,40.8,3.7,2.45,0.6112,True,53.5
sr:match:66299460,New York City FC,Nashville SC,New York City FC vs Nashville SC,MLS,2026-09-05 00:30,target__btts_yes,BTTS Yes,65.0,60.6,4.4,1.65,0.6112,True,53.5
sr:match:68687886,CD Tecnico Universitario,LDU Quito,CD Tecnico Universitario vs LDU Quito,LigaPro Primera A,2026-09-05 01:30,target__btts_yes,BTTS Yes,65.0,52.9,12.1,1.89,0.6112,True,53.5
sr:match:74291714,Hapoel Bnei Jat United,Hapoel Karmiel FC,Hapoel Bnei Jat United vs Hapoel Karmiel FC,Liga Alef,2026-09-04 12:25,target__draw,Draw,26.9,23.5,3.4,4.25,0.5993,True,22.8
sr:match:72587350,MFK Karvina,SK Kladno,MFK Karvina vs SK Kladno,FNL,2026-09-04 17:00,target__draw,Draw,24.4,20.0,4.4,5.0,0.5993,True,22.8
sr:match:72676004,SC Red Star Penzing,SK Slovan HAC,SC Red Star Penzing vs SK Slovan HAC,Wiener Stadtliga,2026-09-04 17:00,target__draw,Draw,26.6,22.7,3.9,4.4,0.5993,True,22.8
sr:match:72045754,Shkendija Tetovo,GFK Tikvesh 1930,Shkendija Tetovo vs GFK Tikvesh 1930,1. MFL,2026-09-04 18:00,target__draw,Draw,24.4,19.0,5.3,5.25,0.5993,True,22.8
sr:match:72572968,SC Furstenfeld,SV Pachern,SC Furstenfeld vs SV Pachern,"Steiermark, Landesliga",2026-09-04 18:00,target__draw,Draw,24.4,21.1,3.3,4.75,0.5993,True,22.8
sr:match:73159924,Al Ahli Saudi FC,Al-Riyadh SC,Al Ahli Saudi FC vs Al-Riyadh SC,Saudi Pro League,2026-09-04 19:00,target__draw,Draw,26.6,17.9,8.7,5.6,0.5993,True,22.8
sr:match:72044612,FC Emmen,FC Volendam,FC Emmen vs FC Volendam,Eerste Divisie,2026-09-04 19:00,target__draw,Draw,30.5,26.3,4.2,3.8,0.5993,True,22.8
sr:match:74151030,Atletico Choloma,Olancho FC,Atletico Choloma vs Olancho FC,Liga Nacional,2026-09-05 02:00,target__draw,Draw,30.5,26.3,4.2,3.8,0.5993,True,22.8
sr:match:74216128,Parramatta FC Eagles,Prospect United,Parramatta FC Eagles vs Prospect United,NSW League One,2026-09-04 09:30,target__home_clean_sheet,Home Clean Sheet,30.9,27.8,3.1,3.6,0.6485,True,30.0
sr:match:74301786,FC Admira Wacker Modling,Rapid Wien II,FC Admira Wacker Modling vs Rapid Wien II,Club Friendly Games,2026-09-04 10:00,target__home_clean_sheet,Home Clean Sheet,30.9,25.0,5.9,4.0,0.6485,True,30.0
sr:match:111111114287462,Hapoel Marmorek FC,Hapoel Hadera FC,Hapoel Marmorek FC vs Hapoel Hadera FC,Liga Alef,2026-09-04 11:30,target__home_clean_sheet,Home Clean Sheet,30.9,27.0,3.8,3.7,0.6485,True,30.0
sr:match:74099878,Bayswater City,Olympic Kingsway SC,Bayswater City vs Olympic Kingsway SC,Western Australia NPL,2026-09-04 12:00,target__home_clean_sheet,Home Clean Sheet,30.2,26.7,3.5,3.75,0.6485,True,30.0
sr:match:72979700,Al-Shamal,Al Shahaniya,Al-Shamal vs Al Shahaniya,Stars League,2026-09-04 15:00,target__home_clean_sheet,Home Clean Sheet,45.9,35.7,10.2,2.8,0.6485,True,30.0
sr:match:72414952,SK Dynamo Ceske Budejovice,Dukla Prague B,SK Dynamo Ceske Budejovice vs Dukla Prague B,CFL,2026-09-04 16:00,target__home_clean_sheet,Home Clean Sheet,45.9,40.0,5.9,2.5,0.6485,True,30.0
sr:match:72514698,KS Pelikan Lowicz,Swit Nowy Dwor Mazowiecki,KS Pelikan Lowicz vs Swit Nowy Dwor Mazowiecki,"III Liga, Group 1",2026-09-04 16:00,target__home_clean_sheet,Home Clean Sheet,30.9,26.3,4.6,3.8,0.6485,True,30.0
sr:match:72515936,Sks Unia Swarzedz,Lech II Poznan,Sks Unia Swarzedz vs Lech II Poznan,"III Liga, Group 2",2026-09-04 16:30,target__home_clean_sheet,Home Clean Sheet,30.9,27.0,3.8,3.7,0.6485,True,30.0
sr:match:73860148,Karbalaa,AL Karkh,Karbalaa vs AL Karkh,Stars League,2026-09-04 16:45,target__home_clean_sheet,Home Clean Sheet,47.1,33.9,13.2,2.95,0.6485,True,30.0
sr:match:72224014,Hegelmann Litauen B,FA Siauliai B,Hegelmann Litauen B vs FA Siauliai B,1 Lyga,2026-09-04 17:00,target__home_clean_sheet,Home Clean Sheet,30.9,25.6,5.2,3.9,0.6485,True,30.0
sr:match:74136180,USM Khenchela,USM Alger,USM Khenchela vs USM Alger,Ligue 1,2026-09-04 17:00,target__home_clean_sheet,Home Clean Sheet,47.1,43.5,3.6,2.3,0.6485,True,30.0
sr:match:72676004,SC Red Star Penzing,SK Slovan HAC,SC Red Star Penzing vs SK Slovan HAC,Wiener Stadtliga,2026-09-04 17:00,target__home_clean_sheet,Home Clean Sheet,44.4,40.0,4.4,2.5,0.6485,True,30.0
sr:match:73409246,FK Kapaz,Shamakhi FK,FK Kapaz vs Shamakhi FK,Premier League,2026-09-04 17:15,target__home_clean_sheet,Home Clean Sheet,45.9,39.2,6.7,2.55,0.6485,True,30.0
sr:match:72045748,FC Bregalnica 2008 AD,KF Shkendija Haracine,FC Bregalnica 2008 AD vs KF Shkendija Haracine,1. MFL,2026-09-04 17:30,target__home_clean_sheet,Home Clean Sheet,45.9,41.7,4.3,2.4,0.6485,True,30.0
sr:match:72500700,BK Frem,Ringsted IF,BK Frem vs Ringsted IF,3rd Division,2026-09-04 18:00,target__home_clean_sheet,Home Clean Sheet,45.9,42.6,3.4,2.35,0.6485,True,30.0
sr:match:73068010,Villarreal CF B,CF Algeciras,Villarreal CF B vs CF Algeciras,Primera Federacion,2026-09-04 18:00,target__home_clean_sheet,Home Clean Sheet,45.9,41.7,4.3,2.4,0.6485,True,30.0
sr:match:72224022,Baltijos Futbolo Akademija,FK Babrungas Plunge,Baltijos Futbolo Akademija vs FK Babrungas Plunge,1 Lyga,2026-09-04 18:00,target__home_clean_sheet,Home Clean Sheet,30.9,27.0,3.8,3.7,0.6485,True,30.0
sr:match:67919412,Gamle Oslo FK,Heming,Gamle Oslo FK vs Heming,"3. Division, Group 1",2026-09-04 18:00,target__home_clean_sheet,Home Clean Sheet,30.0,25.0,5.0,4.0,0.6485,True,30.0
sr:match:72548382,ATSV Wolfsberg,SV Donau Klagenfurt,ATSV Wolfsberg vs SV Donau Klagenfurt,Regionalliga Sud,2026-09-04 18:00,target__home_clean_sheet,Home Clean Sheet,30.9,25.6,5.2,3.9,0.6485,True,30.0
sr:match:72037310,USL Dunkerque,Clermont Foot,USL Dunkerque vs Clermont Foot,Ligue 2,2026-09-04 19:00,target__home_clean_sheet,Home Clean Sheet,45.9,40.8,5.1,2.45,0.6485,True,30.0
sr:match:71936092,FC Cajamarca,Cienciano,FC Cajamarca vs Cienciano,Liga 1,2026-09-04 19:00,target__home_clean_sheet,Home Clean Sheet,30.9,25.0,5.9,4.0,0.6485,True,30.0
sr:match:73685018,West Ham U21,Brighton & Hove Albion U21,West Ham U21 vs Brighton & Hove Albion U21,Premier League Cup,2026-09-04 19:00,target__home_clean_sheet,Home Clean Sheet,30.2,25.0,5.2,4.0,0.6485,True,30.0
sr:match:73860150,AL Naft Maysan,Newroz SC,AL Naft Maysan vs Newroz SC,Stars League,2026-09-04 19:00,target__home_clean_sheet,Home Clean Sheet,45.9,37.0,8.9,2.7,0.6485,True,30.0
sr:match:73831892,Drogheda United FC,Galway United FC,Drogheda United FC vs Galway United FC,FAI Cup,2026-09-04 19:45,target__home_clean_sheet,Home Clean Sheet,45.9,36.4,9.6,2.75,0.6485,True,30.0
sr:match:70271436,Lisburn Rangers,Linfield Ladies,Lisburn Rangers vs Linfield Ladies,"Premiership, Women",2026-09-04 19:45,target__home_clean_sheet,Home Clean Sheet,20.0,12.7,7.3,7.9,0.6485,True,30.0
sr:match:73265284,Estudiantes Rio Cuarto,CA Sarmiento Junin,Estudiantes Rio Cuarto vs CA Sarmiento Junin,Primera LPF,2026-09-04 20:45,target__home_clean_sheet,Home Clean Sheet,45.9,42.6,3.4,2.35,0.6485,True,30.0
sr:match:68157086,Carolina Core FC,New England Revolution II,Carolina Core FC vs New England Revolution II,MLS Next Pro,2026-09-04 23:30,target__home_clean_sheet,Home Clean Sheet,30.1,23.5,6.6,4.25,0.6485,True,30.0
sr:match:74151030,Atletico Choloma,Olancho FC,Atletico Choloma vs Olancho FC,Liga Nacional,2026-09-05 02:00,target__home_clean_sheet,Home Clean Sheet,30.0,20.0,10.0,5.0,0.6485,True,30.0
sr:match:73813190,CS Alagoano AL,Nacional FC AM,CS Alagoano AL vs Nacional FC AM,Brasileiro Serie D,2026-09-04 00:00,target__home_win,Home Win,67.3,62.5,4.8,1.6,0.7212,True,44.5
sr:match:74151028,CD Olimpia Tegucigalpa,Platense FC Puerto Cortes,CD Olimpia Tegucigalpa vs Platense FC Puerto Cortes,Liga Nacional,2026-09-04 02:00,target__home_win,Home Win,83.3,72.5,10.9,1.38,0.7212,True,44.5
sr:match:72409678,FC Chernomorets Odessa,FC Livyi Bereh Kyiv,FC Chernomorets Odessa vs FC Livyi Bereh Kyiv,Premier League,2026-09-04 11:00,target__home_win,Home Win,34.4,30.3,4.1,3.3,0.7212,True,44.5
sr:match:111111114287462,Hapoel Marmorek FC,Hapoel Hadera FC,Hapoel Marmorek FC vs Hapoel Hadera FC,Liga Alef,2026-09-04 11:30,target__home_win,Home Win,33.3,29.4,3.9,3.4,0.7212,True,44.5
sr:match:73549868,Binh Phuoc,The Cong - Viettel FC,Binh Phuoc vs The Cong - Viettel FC,V-League 1,2026-09-04 12:00,target__home_win,Home Win,34.4,27.8,6.6,3.6,0.7212,True,44.5
sr:match:74291714,Hapoel Bnei Jat United,Hapoel Karmiel FC,Hapoel Bnei Jat United vs Hapoel Karmiel FC,Liga Alef,2026-09-04 12:25,target__home_win,Home Win,25.0,20.4,4.6,4.9,0.7212,True,44.5
sr:match:73019540,TRA United Sports Club,Mbeya City FC,TRA United Sports Club vs Mbeya City FC,Premier League,2026-09-04 14:00,target__home_win,Home Win,47.3,43.5,3.8,2.3,0.7212,True,44.5
sr:match:69592606,Zhfk Krylya Sovetov Samara,FC Dinamo Moscow,Zhfk Krylya Sovetov Samara vs FC Dinamo Moscow,"Superleague, Women",2026-09-04 14:00,target__home_win,Home Win,34.4,30.3,4.1,3.3,0.7212,True,44.5
sr:match:111111114287771,Maccabi Nujeidat Ahmad,MS Tira,Maccabi Nujeidat Ahmad vs MS Tira,Liga Alef,2026-09-04 14:00,target__home_win,Home Win,25.0,17.9,7.1,5.6,0.7212,True,44.5
sr:match:72414952,SK Dynamo Ceske Budejovice,Dukla Prague B,SK Dynamo Ceske Budejovice vs Dukla Prague B,CFL,2026-09-04 16:00,target__home_win,Home Win,78.5,73.0,5.5,1.37,0.7212,True,44.5
sr:match:72468376,Aasane,Viking FK,Aasane vs Viking FK,"1st Division, Women",2026-09-04 16:00,target__home_win,Home Win,47.3,41.7,5.6,2.4,0.7212,True,44.5
sr:match:72224012,Be1 Nfa,FK Kauno Zalgiris B,Be1 Nfa vs FK Kauno Zalgiris B,1 Lyga,2026-09-04 16:30,target__home_win,Home Win,78.5,74.1,4.4,1.35,0.7212,True,44.5
sr:match:72587350,MFK Karvina,SK Kladno,MFK Karvina vs SK Kladno,FNL,2026-09-04 17:00,target__home_win,Home Win,78.5,74.1,4.4,1.35,0.7212,True,44.5
sr:match:72224014,Hegelmann Litauen B,FA Siauliai B,Hegelmann Litauen B vs FA Siauliai B,1 Lyga,2026-09-04 17:00,target__home_win,Home Win,47.3,42.6,4.7,2.35,0.7212,True,44.5
sr:match:73019542,Dodoma FC,Mashujaa FC,Dodoma FC vs Mashujaa FC,Premier League,2026-09-04 17:00,target__home_win,Home Win,47.3,43.5,3.8,2.3,0.7212,True,44.5
sr:match:74077458,PPJ Helsinki,FC Kiffen,PPJ Helsinki vs FC Kiffen,Kakkonen,2026-09-04 17:00,target__home_win,Home Win,34.4,29.4,5.0,3.4,0.7212,True,44.5
sr:match:73074162,Al Wasl FC,Khor Fakkan Club,Al Wasl FC vs Khor Fakkan Club,Arabian Gulf League,2026-09-04 17:15,target__home_win,Home Win,83.3,75.8,7.6,1.32,0.7212,True,44.5
sr:match:73937056,FC Tekstilshchik Ivanovo,Torpedo Moscow,FC Tekstilshchik Ivanovo vs Torpedo Moscow,1. Liga,2026-09-04 17:30,target__home_win,Home Win,27.8,16.9,10.8,5.9,0.7212,True,44.5
sr:match:72045748,FC Bregalnica 2008 AD,KF Shkendija Haracine,FC Bregalnica 2008 AD vs KF Shkendija Haracine,1. MFL,2026-09-04 17:30,target__home_win,Home Win,67.3,57.1,10.2,1.75,0.7212,True,44.5
sr:match:67993690,IF Fuglafjordur,FC Hoyvik,IF Fuglafjordur vs FC Hoyvik,1st deild,2026-09-04 17:30,target__home_win,Home Win,78.5,68.5,10.0,1.46,0.7212,True,44.5
sr:match:67015368,Aalesunds FK,IK Start,Aalesunds FK vs IK Start,Eliteserien,2026-09-04 18:00,target__home_win,Home Win,47.3,44.2,3.0,2.26,0.7212,True,44.5
sr:match:68377972,Landvetter IS,IK Kongahalla,Landvetter IS vs IK Kongahalla,Division 2,2026-09-04 18:00,target__home_win,Home Win,78.5,72.5,6.1,1.38,0.7212,True,44.5
sr:match:73916388,Slavia Mozyr,FC Vitebsk,Slavia Mozyr vs FC Vitebsk,Vysshaya Liga,2026-09-04 18:00,target__home_win,Home Win,47.3,42.6,4.7,2.35,0.7212,True,44.5
sr:match:72224022,Baltijos Futbolo Akademija,FK Babrungas Plunge,Baltijos Futbolo Akademija vs FK Babrungas Plunge,1 Lyga,2026-09-04 18:00,target__home_win,Home Win,34.4,29.4,5.0,3.4,0.7212,True,44.5
sr:match:72572968,SC Furstenfeld,SV Pachern,SC Furstenfeld vs SV Pachern,"Steiermark, Landesliga",2026-09-04 18:00,target__home_win,Home Win,78.5,73.0,5.5,1.37,0.7212,True,44.5
sr:match:72176572,FC Aarau,FC Rapperswil-Jona,FC Aarau vs FC Rapperswil-Jona,Challenge League,2026-09-04 18:30,target__home_win,Home Win,67.3,61.3,6.0,1.63,0.7212,True,44.5
sr:match:72037320,Pau FC,Sochaux-Montbeliard,Pau FC vs Sochaux-Montbeliard,Ligue 2,2026-09-04 19:00,target__home_win,Home Win,47.3,43.5,3.8,2.3,0.7212,True,44.5
sr:match:71913060,NK Varazdin,NK Istra 1961,NK Varazdin vs NK Istra 1961,HNL,2026-09-04 19:00,target__home_win,Home Win,67.3,55.2,12.1,1.81,0.7212,True,44.5
sr:match:72302116,FCV Dender EH,RFC Seraing,FCV Dender EH vs RFC Seraing,Challenger Pro League,2026-09-04 19:00,target__home_win,Home Win,67.3,62.9,4.5,1.59,0.7212,True,44.5
sr:match:72044610,Almere City FC,Jong Ajax Amsterdam,Almere City FC vs Jong Ajax Amsterdam,Eerste Divisie,2026-09-04 19:00,target__home_win,Home Win,78.5,69.0,9.6,1.45,0.7212,True,44.5
sr:match:72044616,Heracles Almelo,De Graafschap,Heracles Almelo vs De Graafschap,Eerste Divisie,2026-09-04 19:00,target__home_win,Home Win,78.5,69.0,9.6,1.45,0.7212,True,44.5
sr:match:72654240,Botafogo FR RJ,Sampaio Correa FE RJ,Botafogo FR RJ vs Sampaio Correa FE RJ,"U20 Carioca, Serie A",2026-09-04 19:00,target__home_win,Home Win,78.5,69.0,9.6,1.45,0.7212,True,44.5
sr:match:72202634,Livingston FC,Stenhousemuir FC,Livingston FC vs Stenhousemuir FC,Championship,2026-09-04 19:30,target__home_win,Home Win,78.5,69.9,8.6,1.43,0.7212,True,44.5
sr:match:67117924,CA Defensores de Belgrano,CA Racing de Cordoba,CA Defensores de Belgrano vs CA Racing de Cordoba,Primera Nacional,2026-09-04 19:30,target__home_win,Home Win,54.7,51.0,3.7,1.96,0.7212,True,44.5
sr:match:72546038,Baglan Dragons,Afan Lido,Baglan Dragons vs Afan Lido,Cymru Championship South,2026-09-04 19:30,target__home_win,Home Win,47.3,41.7,5.6,2.4,0.7212,True,44.5
sr:match:72522016,Connah`s Quay Nomads FC,Haverfordwest County AFC,Connah`s Quay Nomads FC vs Haverfordwest County AFC,Cymru Premier,2026-09-04 19:45,target__home_win,Home Win,89.5,72.5,17.0,1.38,0.7212,True,44.5
sr:match:72522012,Caernarfon Town FC,Flint Town United,Caernarfon Town FC vs Flint Town United,Cymru Premier,2026-09-04 19:45,target__home_win,Home Win,77.8,66.2,11.6,1.51,0.7212,True,44.5
sr:match:70699108,KH Hlidarendi,Augnablik Kopavogur,KH Hlidarendi vs Augnablik Kopavogur,3. deild,2026-09-04 20:15,target__home_win,Home Win,83.3,74.6,8.7,1.34,0.7212,True,44.5
sr:match:70699106,Ymir Kopavogur,Reynir Sandgerdi,Ymir Kopavogur vs Reynir Sandgerdi,3. deild,2026-09-04 20:15,target__home_win,Home Win,28.1,23.3,4.9,4.3,0.7212,True,44.5
sr:match:71936084,Alianza Atletico,UTC de Cajamarca,Alianza Atletico vs UTC de Cajamarca,Liga 1,2026-09-04 21:15,target__home_win,Home Win,67.3,60.6,6.7,1.65,0.7212,True,44.5
sr:match:74247580,Atletico Nacional SA,Internacional de Bogota,Atletico Nacional SA vs Internacional de Bogota,Liga Femenina,2026-09-04 21:30,target__home_win,Home Win,78.5,70.4,8.1,1.42,0.7212,True,44.5
sr:match:73265282,CA Belgrano de Cordoba,CA Huracan,CA Belgrano de Cordoba vs CA Huracan,Primera LPF,2026-09-04 23:00,target__home_win,Home Win,54.7,47.6,7.1,2.1,0.7212,True,44.5
sr:match:68157096,Houston Dynamo 2,Austin FC II,Houston Dynamo 2 vs Austin FC II,MLS Next Pro,2026-09-05 00:00,target__home_win,Home Win,47.3,40.8,6.5,2.45,0.7212,True,44.5
sr:match:68157092,Philadelphia Union II,Columbus Crew 2,Philadelphia Union II vs Columbus Crew 2,MLS Next Pro,2026-09-05 00:00,target__home_win,Home Win,47.3,43.5,3.8,2.3,0.7212,True,44.5
sr:match:74129864,Antigua GFC,Aurora FC,Antigua GFC vs Aurora FC,Liga Nacional,2026-09-05 02:00,target__home_win,Home Win,78.5,71.4,7.1,1.4,0.7212,True,44.5
sr:match:72335056,Deportivo Pereira FC SA,Independiente Medellin,Deportivo Pereira FC SA vs Independiente Medellin,Liga DIMAYOR,2026-09-04 02:00,target__ht_away_win,HT Away Win,54.0,50.0,4.0,2.0,0.6617,True,26.6
sr:match:74201836,Queenland Lions FC,Eastern Suburbs FC,Queenland Lions FC vs Eastern Suburbs FC,"Queensland NPL, Women",2026-09-04 10:30,target__ht_away_win,HT Away Win,54.0,36.4,17.6,2.75,0.6617,True,26.6
sr:match:72654236,Bangu AC RJ,CR Flamengo RJ,Bangu AC RJ vs CR Flamengo RJ,"U20 Carioca, Serie A",2026-09-04 14:00,target__ht_away_win,HT Away Win,54.0,50.0,4.0,2.0,0.6617,True,26.6
sr:match:67604960,JIPPO,FC KTP Kotka,JIPPO vs FC KTP Kotka,Ykkosliiga,2026-09-04 16:30,target__ht_away_win,HT Away Win,42.4,32.3,10.2,3.1,0.6617,True,26.6
sr:match:73159922,Abha Club,Al-Ettifaq FC,Abha Club vs Al-Ettifaq FC,Saudi Pro League,2026-09-04 17:00,target__ht_away_win,HT Away Win,55.2,34.5,20.7,2.9,0.6617,True,26.6
sr:match:71998184,FK Septemvri Sofia,POFC Botev Vratsa,FK Septemvri Sofia vs POFC Botev Vratsa,Parva Liga,2026-09-04 17:00,target__ht_away_win,HT Away Win,33.7,28.6,5.2,3.5,0.6617,True,26.6
sr:match:72044312,Vejle BK,Vendsyssel FF,Vejle BK vs Vendsyssel FF,1. Division,2026-09-04 17:00,target__ht_away_win,HT Away Win,21.7,17.9,3.8,5.6,0.6617,True,26.6
sr:match:72979702,Lusail SC,AL Wakrah SC,Lusail SC vs AL Wakrah SC,Stars League,2026-09-04 17:15,target__ht_away_win,HT Away Win,54.0,46.5,7.5,2.15,0.6617,True,26.6
sr:match:72513846,Arminia Bielefeld,FC St. Pauli,Arminia Bielefeld vs FC St. Pauli,2. Bundesliga,2026-09-04 17:30,target__ht_away_win,HT Away Win,33.7,29.4,4.3,3.4,0.6617,True,26.6
sr:match:73937056,FC Tekstilshchik Ivanovo,Torpedo Moscow,FC Tekstilshchik Ivanovo vs Torpedo Moscow,1. Liga,2026-09-04 17:30,target__ht_away_win,HT Away Win,54.0,47.6,6.3,2.1,0.6617,True,26.6
sr:match:72302600,Vasas FC,Nyiregyhaza Spartacus FC,Vasas FC vs Nyiregyhaza Spartacus FC,NB I,2026-09-04 17:30,target__ht_away_win,HT Away Win,33.7,28.6,5.2,3.5,0.6617,True,26.6
sr:match:72036152,Lyon,AJ Auxerre,Lyon vs AJ Auxerre,Ligue 1,2026-09-04 18:00,target__ht_away_win,HT Away Win,21.7,16.4,5.3,6.1,0.6617,True,26.6
sr:match:67015368,Aalesunds FK,IK Start,Aalesunds FK vs IK Start,Eliteserien,2026-09-04 18:00,target__ht_away_win,HT Away Win,42.4,29.4,13.0,3.4,0.6617,True,26.6
sr:match:67126326,IFK Norrkoping FK,Ljungskile SK,IFK Norrkoping FK vs Ljungskile SK,Superettan,2026-09-04 18:00,target__ht_away_win,HT Away Win,21.8,18.2,3.6,5.5,0.6617,True,26.6
sr:match:68311792,FC Rosengaard 1917,Laholms FK,FC Rosengaard 1917 vs Laholms FK,Ettan,2026-09-04 18:00,target__ht_away_win,HT Away Win,22.6,19.6,3.0,5.1,0.6617,True,26.6
sr:match:72176570,SC Kriens,Stade Lausanne Ouchy,SC Kriens vs Stade Lausanne Ouchy,Challenge League,2026-09-04 18:30,target__ht_away_win,HT Away Win,55.2,37.0,18.1,2.7,0.6617,True,26.6
sr:match:72041104,Sparta Rotterdam,PEC Zwolle,Sparta Rotterdam vs PEC Zwolle,Eredivisie,2026-09-04 19:00,target__ht_away_win,HT Away Win,33.7,25.6,8.1,3.9,0.6617,True,26.6
sr:match:72037312,Grenoble Foot,FC Annecy,Grenoble Foot vs FC Annecy,Ligue 2,2026-09-04 19:00,target__ht_away_win,HT Away Win,42.4,32.3,10.2,3.1,0.6617,True,26.6
sr:match:72044616,Heracles Almelo,De Graafschap,Heracles Almelo vs De Graafschap,Eerste Divisie,2026-09-04 19:00,target__ht_away_win,HT Away Win,22.6,19.0,3.6,5.25,0.6617,True,26.6
sr:match:71936092,FC Cajamarca,Cienciano,FC Cajamarca vs Cienciano,Liga 1,2026-09-04 19:00,target__ht_away_win,HT Away Win,54.0,37.0,16.9,2.7,0.6617,True,26.6
sr:match:72304262,OFK Petrovac,FK Sutjeska Niksic,OFK Petrovac vs FK Sutjeska Niksic,1. CFL,2026-09-04 19:00,target__ht_away_win,HT Away Win,33.7,28.6,5.2,3.5,0.6617,True,26.6
sr:match:71945234,Genoa,Como 1907,Genoa vs Como 1907,Serie A,2026-09-04 19:45,target__ht_away_win,HT Away Win,59.9,41.7,18.3,2.4,0.6617,True,26.6
sr:match:73831892,Drogheda United FC,Galway United FC,Drogheda United FC vs Galway United FC,FAI Cup,2026-09-04 19:45,target__ht_away_win,HT Away Win,33.7,30.3,3.4,3.3,0.6617,True,26.6
sr:match:72522018,Holywell Town,Trefelin BGC,Holywell Town vs Trefelin BGC,Cymru Premier,2026-09-04 19:45,target__ht_away_win,HT Away Win,54.0,37.7,16.2,2.65,0.6617,True,26.6
sr:match:66854896,Bray Wanderers AFC,Cork City FC,Bray Wanderers AFC vs Cork City FC,First Division,2026-09-04 19:45,target__ht_away_win,HT Away Win,54.0,41.7,12.3,2.4,0.6617,True,26.6
sr:match:66854900,Finn Harps FC,Athlone Town AFC,Finn Harps FC vs Athlone Town AFC,First Division,2026-09-04 19:45,target__ht_away_win,HT Away Win,55.2,43.5,11.7,2.3,0.6617,True,26.6
sr:match:72478530,Betis,Real Madrid,Betis vs Real Madrid,LaLiga,2026-09-04 20:00,target__ht_away_win,HT Away Win,60.0,55.9,4.1,1.79,0.6617,True,26.6
sr:match:72939186,UD Santarem,Caldas SC,UD Santarem vs Caldas SC,Liga Portugal 3,2026-09-04 20:00,target__ht_away_win,HT Away Win,33.7,26.3,7.4,3.8,0.6617,True,26.6
sr:match:68098096,CSD Rangers,Deportes Temuco,CSD Rangers vs Deportes Temuco,Primera B,2026-09-04 23:00,target__ht_away_win,HT Away Win,33.7,27.0,6.7,3.7,0.6617,True,26.6
sr:match:66299460,New York City FC,Nashville SC,New York City FC vs Nashville SC,MLS,2026-09-05 00:30,target__ht_away_win,HT Away Win,60.0,31.2,28.8,3.2,0.6617,True,26.6
sr:match:68687866,Libertad Loja,CS Emelec,Libertad Loja vs CS Emelec,LigaPro Primera A,2026-09-04 01:00,target__ht_draw,HT Draw,60.0,52.9,7.1,1.89,0.5904,True,39.0
sr:match:74216128,Parramatta FC Eagles,Prospect United,Parramatta FC Eagles vs Prospect United,NSW League One,2026-09-04 09:30,target__ht_draw,HT Draw,47.6,44.4,3.1,2.25,0.5904,True,39.0
sr:match:72409678,FC Chernomorets Odessa,FC Livyi Bereh Kyiv,FC Chernomorets Odessa vs FC Livyi Bereh Kyiv,Premier League,2026-09-04 11:00,target__ht_draw,HT Draw,60.0,51.8,8.2,1.93,0.5904,True,39.0
sr:match:74182848,Salisbury Inter,West Adelaide,Salisbury Inter vs West Adelaide,"South Australia NPL, Women",2026-09-04 11:00,target__ht_draw,HT Draw,47.6,40.8,6.8,2.45,0.5904,True,39.0
sr:match:68046720,Paju Frontier FC,Daegu FC,Paju Frontier FC vs Daegu FC,K-League 2,2026-09-04 11:30,target__ht_draw,HT Draw,45.6,40.8,4.8,2.45,0.5904,True,39.0
sr:match:73019540,TRA United Sports Club,Mbeya City FC,TRA United Sports Club vs Mbeya City FC,Premier League,2026-09-04 14:00,target__ht_draw,HT Draw,60.0,52.6,7.4,1.9,0.5904,True,39.0
sr:match:68380528,PFC Nasaf,FK Neftchi Fargona,PFC Nasaf vs FK Neftchi Fargona,Superliga,2026-09-04 15:00,target__ht_draw,HT Draw,50.0,46.5,3.5,2.15,0.5904,True,39.0
sr:match:74279310,FK Fyllingsdalen,Odds BK,FK Fyllingsdalen vs Odds BK,"1st Division, Women",2026-09-04 15:00,target__ht_draw,HT Draw,47.6,42.6,5.0,2.35,0.5904,True,39.0
sr:match:72514698,KS Pelikan Lowicz,Swit Nowy Dwor Mazowiecki,KS Pelikan Lowicz vs Swit Nowy Dwor Mazowiecki,"III Liga, Group 1",2026-09-04 16:00,target__ht_draw,HT Draw,47.6,42.6,5.0,2.35,0.5904,True,39.0
sr:match:72517218,Sokol Kolbuszowa Dolna,Star Starachowice,Sokol Kolbuszowa Dolna vs Star Starachowice,"III Liga, Group 4",2026-09-04 16:00,target__ht_draw,HT Draw,47.6,43.5,4.1,2.3,0.5904,True,39.0
sr:match:72300766,FK Usti nad Labem,SK Slavia Prague B,FK Usti nad Labem vs SK Slavia Prague B,FNL,2026-09-04 17:00,target__ht_draw,HT Draw,45.6,40.8,4.8,2.45,0.5904,True,39.0
sr:match:72224014,Hegelmann Litauen B,FA Siauliai B,Hegelmann Litauen B vs FA Siauliai B,1 Lyga,2026-09-04 17:00,target__ht_draw,HT Draw,47.6,41.7,5.9,2.4,0.5904,True,39.0
sr:match:73409246,FK Kapaz,Shamakhi FK,FK Kapaz vs Shamakhi FK,Premier League,2026-09-04 17:15,target__ht_draw,HT Draw,60.0,52.6,7.4,1.9,0.5904,True,39.0
sr:match:72513834,Hannover 96,Karlsruher SC,Hannover 96 vs Karlsruher SC,2. Bundesliga,2026-09-04 17:30,target__ht_draw,HT Draw,41.5,37.0,4.5,2.7,0.5904,True,39.0
sr:match:71925000,Viborg FF,Lyngby BK,Viborg FF vs Lyngby BK,Superliga,2026-09-04 18:00,target__ht_draw,HT Draw,45.6,40.0,5.6,2.5,0.5904,True,39.0
sr:match:72680094,FC Ingolstadt 04,Alemannia Aachen,FC Ingolstadt 04 vs Alemannia Aachen,3. Liga,2026-09-04 18:00,target__ht_draw,HT Draw,47.6,41.7,5.9,2.4,0.5904,True,39.0
sr:match:73258790,Marumo Gallants FC,Polokwane City,Marumo Gallants FC vs Polokwane City,Premiership,2026-09-04 18:30,target__ht_draw,HT Draw,60.0,55.2,4.8,1.81,0.5904,True,39.0
sr:match:72044614,Helmond Sport,VVV Venlo,Helmond Sport vs VVV Venlo,Eerste Divisie,2026-09-04 19:00,target__ht_draw,HT Draw,45.6,41.7,4.0,2.4,0.5904,True,39.0
sr:match:72044618,RKC Waalwijk,NAC Breda,RKC Waalwijk vs NAC Breda,Eerste Divisie,2026-09-04 19:00,target__ht_draw,HT Draw,45.6,40.8,4.8,2.45,0.5904,True,39.0
sr:match:72515940,Elana Torun,WDA Swiecie,Elana Torun vs WDA Swiecie,"III Liga, Group 2",2026-09-04 19:08,target__ht_draw,HT Draw,47.6,42.6,5.0,2.35,0.5904,True,39.0
sr:match:72546040,Llanelli Town,Treowen Stars,Llanelli Town vs Treowen Stars,Cymru Championship South,2026-09-04 19:30,target__ht_draw,HT Draw,47.6,40.0,7.6,2.5,0.5904,True,39.0
sr:match:66854896,Bray Wanderers AFC,Cork City FC,Bray Wanderers AFC vs Cork City FC,First Division,2026-09-04 19:45,target__ht_draw,HT Draw,47.6,41.7,5.9,2.4,0.5904,True,39.0
sr:match:72546580,Ruthin Town,Caersws,Ruthin Town vs Caersws,"Cymru Championship, North",2026-09-04 19:45,target__ht_draw,HT Draw,45.6,40.8,4.8,2.45,0.5904,True,39.0
sr:match:70699106,Ymir Kopavogur,Reynir Sandgerdi,Ymir Kopavogur vs Reynir Sandgerdi,3. deild,2026-09-04 20:15,target__ht_draw,HT Draw,37.7,33.9,3.8,2.95,0.5904,True,39.0
sr:match:73265284,Estudiantes Rio Cuarto,CA Sarmiento Junin,Estudiantes Rio Cuarto vs CA Sarmiento Junin,Primera LPF,2026-09-04 20:45,target__ht_draw,HT Draw,71.4,54.9,16.5,1.82,0.5904,True,39.0
sr:match:67117930,Ferro Carril Oeste,Mitre Santiago del Estero,Ferro Carril Oeste vs Mitre Santiago del Estero,Primera Nacional,2026-09-05 00:00,target__ht_draw,HT Draw,60.0,50.8,9.2,1.97,0.5904,True,39.0
sr:match:68823230,Athletic Club Sjdr MG,Vila Nova FC GO,Athletic Club Sjdr MG vs Vila Nova FC GO,Brasileiro Serie B,2026-09-05 00:30,target__ht_draw,HT Draw,60.0,51.3,8.7,1.95,0.5904,True,39.0
sr:match:74151030,Atletico Choloma,Olancho FC,Atletico Choloma vs Olancho FC,Liga Nacional,2026-09-05 02:00,target__ht_draw,HT Draw,47.6,40.8,6.8,2.45,0.5904,True,39.0
sr:match:72439838,US Lecce,AS Roma,US Lecce vs AS Roma,Primavera 1,2026-09-04 10:00,target__ht_home_win,HT Home Win,39.1,30.8,8.3,3.25,0.6512,True,34.4
sr:match:72548380,SVG Bleiburg,SK Treibach,SVG Bleiburg vs SK Treibach,Regionalliga Sud,2026-09-04 16:00,target__ht_home_win,HT Home Win,24.6,20.4,4.2,4.9,0.6512,True,34.4
sr:match:73860148,Karbalaa,AL Karkh,Karbalaa vs AL Karkh,Stars League,2026-09-04 16:45,target__ht_home_win,HT Home Win,29.5,25.6,3.8,3.9,0.6512,True,34.4
sr:match:72281310,Triglav Kranj,NK Bistrica Slovenska Bistrica,Triglav Kranj vs NK Bistrica Slovenska Bistrica,2. Liga,2026-09-04 17:00,target__ht_home_win,HT Home Win,58.1,54.3,3.7,1.84,0.6512,True,34.4
sr:match:72979702,Lusail SC,AL Wakrah SC,Lusail SC vs AL Wakrah SC,Stars League,2026-09-04 17:15,target__ht_home_win,HT Home Win,25.3,21.7,3.6,4.6,0.6512,True,34.4
sr:match:72723182,Istanbul BB,Galatasaray Istanbul,Istanbul BB vs Galatasaray Istanbul,Super Lig,2026-09-04 18:00,target__ht_home_win,HT Home Win,25.3,20.0,5.3,5.0,0.6512,True,34.4
sr:match:67126326,IFK Norrkoping FK,Ljungskile SK,IFK Norrkoping FK vs Ljungskile SK,Superettan,2026-09-04 18:00,target__ht_home_win,HT Home Win,58.1,51.0,7.1,1.96,0.6512,True,34.4
sr:match:68320336,IFK Kumla,IFK Skovde FK,IFK Kumla vs IFK Skovde FK,Division 2,2026-09-04 18:00,target__ht_home_win,HT Home Win,24.6,20.4,4.2,4.9,0.6512,True,34.4
sr:match:72044610,Almere City FC,Jong Ajax Amsterdam,Almere City FC vs Jong Ajax Amsterdam,Eerste Divisie,2026-09-04 19:00,target__ht_home_win,HT Home Win,58.1,54.9,3.1,1.82,0.6512,True,34.4
sr:match:67125946,Yupanqui,Leones de Rosario FC,Yupanqui vs Leones de Rosario FC,Primera C,2026-09-04 19:00,target__ht_home_win,HT Home Win,29.5,25.6,3.8,3.9,0.6512,True,34.4
sr:match:72546038,Baglan Dragons,Afan Lido,Baglan Dragons vs Afan Lido,Cymru Championship South,2026-09-04 19:30,target__ht_home_win,HT Home Win,39.1,34.5,4.6,2.9,0.6512,True,34.4
sr:match:66854900,Finn Harps FC,Athlone Town AFC,Finn Harps FC vs Athlone Town AFC,First Division,2026-09-04 19:45,target__ht_home_win,HT Home Win,25.3,22.2,3.1,4.5,0.6512,True,34.4
sr:match:74236136,Carapegua,Paraguari AC,Carapegua vs Paraguari AC,Division Intermedia,2026-09-04 20:30,target__ht_home_win,HT Home Win,39.1,35.1,4.0,2.85,0.6512,True,34.4
sr:match:74247580,Atletico Nacional SA,Internacional de Bogota,Atletico Nacional SA vs Internacional de Bogota,Liga Femenina,2026-09-04 21:30,target__ht_home_win,HT Home Win,58.1,54.3,3.7,1.84,0.6512,True,34.4
sr:match:73265282,CA Belgrano de Cordoba,CA Huracan,CA Belgrano de Cordoba vs CA Huracan,Primera LPF,2026-09-04 23:00,target__ht_home_win,HT Home Win,39.1,33.9,5.2,2.95,0.6512,True,34.4
sr:match:68823242,CR Brasil AL,America FC MG,CR Brasil AL vs America FC MG,Brasileiro Serie B,2026-09-05 01:30,target__ht_home_win,HT Home Win,56.5,50.0,6.5,2.0,0.6512,True,34.4
sr:match:74129864,Antigua GFC,Aurora FC,Antigua GFC vs Aurora FC,Liga Nacional,2026-09-05 02:00,target__ht_home_win,HT Home Win,58.1,54.6,3.4,1.83,0.6512,True,34.4
sr:match:72335056,Deportivo Pereira FC SA,Independiente Medellin,Deportivo Pereira FC SA vs Independiente Medellin,Liga DIMAYOR,2026-09-04 02:00,target__ht_over_0_5_goals,HT Over 0.5,79.4,75.2,4.2,1.33,0.6199,True,72.8
sr:match:72942458,Pattani FC,BG Pathum United,Pattani FC vs BG Pathum United,Thai League 1,2026-09-04 13:00,target__ht_over_0_5_goals,HT Over 0.5,81.2,75.2,6.0,1.33,0.6199,True,72.8
sr:match:72044310,Hobro IK,Hvidovre IF,Hobro IK vs Hvidovre IF,1. Division,2026-09-04 17:00,target__ht_over_0_5_goals,HT Over 0.5,77.4,73.5,3.9,1.36,0.6199,True,72.8
sr:match:73937056,FC Tekstilshchik Ivanovo,Torpedo Moscow,FC Tekstilshchik Ivanovo vs Torpedo Moscow,1. Liga,2026-09-04 17:30,target__ht_over_0_5_goals,HT Over 0.5,81.2,70.4,10.8,1.42,0.6199,True,72.8
sr:match:71925000,Viborg FF,Lyngby BK,Viborg FF vs Lyngby BK,Superliga,2026-09-04 18:00,target__ht_over_0_5_goals,HT Over 0.5,81.2,78.1,3.1,1.28,0.6199,True,72.8
sr:match:72044314,HB Koege,Hillerod Fodbold,HB Koege vs Hillerod Fodbold,1. Division,2026-09-04 18:00,target__ht_over_0_5_goals,HT Over 0.5,81.2,76.3,4.9,1.31,0.6199,True,72.8
sr:match:72387976,CFR Cluj,FC Farul Constanta,CFR Cluj vs FC Farul Constanta,Superliga,2026-09-04 18:30,target__ht_over_0_5_goals,HT Over 0.5,77.4,73.5,3.9,1.36,0.6199,True,72.8
sr:match:72037310,USL Dunkerque,Clermont Foot,USL Dunkerque vs Clermont Foot,Ligue 2,2026-09-04 19:00,target__ht_over_0_5_goals,HT Over 0.5,77.4,73.5,3.9,1.36,0.6199,True,72.8
sr:match:71936092,FC Cajamarca,Cienciano,FC Cajamarca vs Cienciano,Liga 1,2026-09-04 19:00,target__ht_over_0_5_goals,HT Over 0.5,81.2,76.9,4.3,1.3,0.6199,True,72.8
sr:match:71945234,Genoa,Como 1907,Genoa vs Como 1907,Serie A,2026-09-04 19:45,target__ht_over_0_5_goals,HT Over 0.5,74.7,66.7,8.0,1.5,0.6199,True,72.8
sr:match:66854902,Treaty United,Wexford FC,Treaty United vs Wexford FC,First Division,2026-09-04 19:45,target__ht_over_0_5_goals,HT Over 0.5,79.4,73.5,5.9,1.36,0.6199,True,72.8
sr:match:73888458,Shamrock Rovers,Shelbourne FC,Shamrock Rovers vs Shelbourne FC,Premier Division,2026-09-04 20:00,target__ht_over_0_5_goals,HT Over 0.5,78.0,73.5,4.4,1.36,0.6199,True,72.8
sr:match:72530902,Porto,Moreirense FC,Porto vs Moreirense FC,Liga Portugal,2026-09-04 20:15,target__ht_over_0_5_goals,HT Over 0.5,81.2,77.5,3.7,1.29,0.6199,True,72.8
sr:match:74136182,JS Kabylie,MB Rouissat,JS Kabylie vs MB Rouissat,Ligue 1,2026-09-04 21:00,target__ht_over_0_5_goals,HT Over 0.5,77.4,69.9,7.5,1.43,0.6199,True,72.8
sr:match:68098096,CSD Rangers,Deportes Temuco,CSD Rangers vs Deportes Temuco,Primera B,2026-09-04 23:00,target__ht_over_0_5_goals,HT Over 0.5,77.4,71.9,5.4,1.39,0.6199,True,72.8
sr:match:68823242,CR Brasil AL,America FC MG,CR Brasil AL vs America FC MG,Brasileiro Serie B,2026-09-05 01:30,target__ht_over_0_5_goals,HT Over 0.5,77.4,74.1,3.3,1.35,0.6199,True,72.8
sr:match:67682024,Deportes Concepcion,Audax Italiano,Deportes Concepcion vs Audax Italiano,Primera Division,2026-09-05 01:30,target__ht_over_0_5_goals,HT Over 0.5,74.8,71.4,3.3,1.4,0.6199,True,72.8
sr:match:72636186,Orsomarso SC,Real Cartagena FC,Orsomarso SC vs Real Cartagena FC,Torneo DIMAYOR,2026-09-05 01:30,target__ht_over_0_5_goals,HT Over 0.5,74.7,69.4,5.3,1.44,0.6199,True,72.8
sr:match:72661616,Alacranes de Durango,Tlaxcala FC,Alacranes de Durango vs Tlaxcala FC,Liga de Expansion MX,2026-09-05 02:00,target__ht_over_0_5_goals,HT Over 0.5,79.4,73.0,6.4,1.37,0.6199,True,72.8
sr:match:73580138,Metropolitanos FC,Trujillanos FC,Metropolitanos FC vs Trujillanos FC,Primera Division,2026-09-04 00:00,target__ht_over_1_5_goals,HT Over 1.5,46.7,37.7,9.0,2.65,0.6269,True,38.8
sr:match:72335056,Deportivo Pereira FC SA,Independiente Medellin,Deportivo Pereira FC SA vs Independiente Medellin,Liga DIMAYOR,2026-09-04 02:00,target__ht_over_1_5_goals,HT Over 1.5,46.7,40.0,6.7,2.5,0.6269,True,38.8
sr:match:73576594,Arema FC,Adhyaksa Farmel FC,Arema FC vs Adhyaksa Farmel FC,Super League,2026-09-04 09:30,target__ht_over_1_5_goals,HT Over 1.5,46.7,38.5,8.3,2.6,0.6269,True,38.8
sr:match:73601716,Sheffield Wednesday U21,Wigan Athletic U21,Sheffield Wednesday U21 vs Wigan Athletic U21,U21 Professional Development League,2026-09-04 12:00,target__ht_over_1_5_goals,HT Over 1.5,58.9,53.5,5.4,1.87,0.6269,True,38.8
sr:match:72654236,Bangu AC RJ,CR Flamengo RJ,Bangu AC RJ vs CR Flamengo RJ,"U20 Carioca, Serie A",2026-09-04 14:00,target__ht_over_1_5_goals,HT Over 1.5,46.7,38.5,8.3,2.6,0.6269,True,38.8
sr:match:72409672,FC Polissya Zhytomyr,FK Kudrivka,FC Polissya Zhytomyr vs FK Kudrivka,Premier League,2026-09-04 16:00,target__ht_over_1_5_goals,HT Over 1.5,46.7,41.7,5.1,2.4,0.6269,True,38.8
sr:match:72414952,SK Dynamo Ceske Budejovice,Dukla Prague B,SK Dynamo Ceske Budejovice vs Dukla Prague B,CFL,2026-09-04 16:00,target__ht_over_1_5_goals,HT Over 1.5,58.9,53.5,5.4,1.87,0.6269,True,38.8
sr:match:72514696,KS Warta Sieradz,ZKS Olimpia Elblag,KS Warta Sieradz vs ZKS Olimpia Elblag,"III Liga, Group 1",2026-09-04 16:00,target__ht_over_1_5_goals,HT Over 1.5,46.7,43.5,3.3,2.3,0.6269,True,38.8
sr:match:72281304,Ilirija Ljubljana,Primorje Ajdovscina,Ilirija Ljubljana vs Primorje Ajdovscina,2. Liga,2026-09-04 16:00,target__ht_over_1_5_goals,HT Over 1.5,46.7,39.2,7.5,2.55,0.6269,True,38.8
sr:match:72281298,NK Dekani,Tabor Sezana,NK Dekani vs Tabor Sezana,2. Liga,2026-09-04 16:00,target__ht_over_1_5_goals,HT Over 1.5,46.7,42.6,4.2,2.35,0.6269,True,38.8
sr:match:73588088,Shabab AL Ordun,Ramtha SC,Shabab AL Ordun vs Ramtha SC,Jordan League,2026-09-04 16:00,target__ht_over_1_5_goals,HT Over 1.5,46.7,33.9,12.8,2.95,0.6269,True,38.8
sr:match:74078068,Nurmijarven Jalkapalloseura,Musan Salama,Nurmijarven Jalkapalloseura vs Musan Salama,Kakkonen,2026-09-04 16:00,target__ht_over_1_5_goals,HT Over 1.5,58.9,52.6,6.3,1.9,0.6269,True,38.8
sr:match:74078070,Grankulla IFK,Esbo Bollklubb,Grankulla IFK vs Esbo Bollklubb,Kakkonen,2026-09-04 16:30,target__ht_over_1_5_goals,HT Over 1.5,62.3,54.6,7.6,1.83,0.6269,True,38.8
sr:match:73159922,Abha Club,Al-Ettifaq FC,Abha Club vs Al-Ettifaq FC,Saudi Pro League,2026-09-04 17:00,target__ht_over_1_5_goals,HT Over 1.5,46.7,40.0,6.7,2.5,0.6269,True,38.8
sr:match:72300756,FC Vlasim,FK Fotbal Trinec,FC Vlasim vs FK Fotbal Trinec,FNL,2026-09-04 17:00,target__ht_over_1_5_goals,HT Over 1.5,50.0,46.5,3.5,2.15,0.6269,True,38.8
sr:match:72587350,MFK Karvina,SK Kladno,MFK Karvina vs SK Kladno,FNL,2026-09-04 17:00,target__ht_over_1_5_goals,HT Over 1.5,58.9,47.6,11.3,2.1,0.6269,True,38.8
sr:match:67604962,PK-35 Helsinki,Ekenas Idrottsforening,PK-35 Helsinki vs Ekenas Idrottsforening,Ykkosliiga,2026-09-04 17:00,target__ht_over_1_5_goals,HT Over 1.5,46.7,42.6,4.2,2.35,0.6269,True,38.8
sr:match:74077458,PPJ Helsinki,FC Kiffen,PPJ Helsinki vs FC Kiffen,Kakkonen,2026-09-04 17:00,target__ht_over_1_5_goals,HT Over 1.5,58.9,52.6,6.3,1.9,0.6269,True,38.8
sr:match:72513846,Arminia Bielefeld,FC St. Pauli,Arminia Bielefeld vs FC St. Pauli,2. Bundesliga,2026-09-04 17:30,target__ht_over_1_5_goals,HT Over 1.5,46.7,42.6,4.2,2.35,0.6269,True,38.8
sr:match:72513834,Hannover 96,Karlsruher SC,Hannover 96 vs Karlsruher SC,2. Bundesliga,2026-09-04 17:30,target__ht_over_1_5_goals,HT Over 1.5,58.9,48.8,10.1,2.05,0.6269,True,38.8
sr:match:73937056,FC Tekstilshchik Ivanovo,Torpedo Moscow,FC Tekstilshchik Ivanovo vs Torpedo Moscow,1. Liga,2026-09-04 17:30,target__ht_over_1_5_goals,HT Over 1.5,46.7,33.9,12.8,2.95,0.6269,True,38.8
sr:match:67015356,Fredrikstad FK,Bodoe/Glimt,Fredrikstad FK vs Bodoe/Glimt,Eliteserien,2026-09-04 18:00,target__ht_over_1_5_goals,HT Over 1.5,58.9,50.3,8.7,1.99,0.6269,True,38.8
sr:match:71925000,Viborg FF,Lyngby BK,Viborg FF vs Lyngby BK,Superliga,2026-09-04 18:00,target__ht_over_1_5_goals,HT Over 1.5,58.9,44.4,14.5,2.25,0.6269,True,38.8
sr:match:72224022,Baltijos Futbolo Akademija,FK Babrungas Plunge,Baltijos Futbolo Akademija vs FK Babrungas Plunge,1 Lyga,2026-09-04 18:00,target__ht_over_1_5_goals,HT Over 1.5,46.7,38.5,8.3,2.6,0.6269,True,38.8
sr:match:72176572,FC Aarau,FC Rapperswil-Jona,FC Aarau vs FC Rapperswil-Jona,Challenge League,2026-09-04 18:30,target__ht_over_1_5_goals,HT Over 1.5,58.9,51.0,7.9,1.96,0.6269,True,38.8
sr:match:68311084,Assyriska FF,IFK Stocksund,Assyriska FF vs IFK Stocksund,Ettan,2026-09-04 18:30,target__ht_over_1_5_goals,HT Over 1.5,62.3,52.9,9.4,1.89,0.6269,True,38.8
sr:match:72044612,FC Emmen,FC Volendam,FC Emmen vs FC Volendam,Eerste Divisie,2026-09-04 19:00,target__ht_over_1_5_goals,HT Over 1.5,58.9,50.0,8.9,2.0,0.6269,True,38.8
sr:match:72044616,Heracles Almelo,De Graafschap,Heracles Almelo vs De Graafschap,Eerste Divisie,2026-09-04 19:00,target__ht_over_1_5_goals,HT Over 1.5,58.9,55.2,3.7,1.81,0.6269,True,38.8
sr:match:72044618,RKC Waalwijk,NAC Breda,RKC Waalwijk vs NAC Breda,Eerste Divisie,2026-09-04 19:00,target__ht_over_1_5_goals,HT Over 1.5,58.9,46.5,12.4,2.15,0.6269,True,38.8
sr:match:73685066,Coventry City U21,West Bromwich Albion FC U21,Coventry City U21 vs West Bromwich Albion FC U21,Premier League Cup,2026-09-04 19:00,target__ht_over_1_5_goals,HT Over 1.5,58.9,50.3,8.7,1.99,0.6269,True,38.8
sr:match:73685018,West Ham U21,Brighton & Hove Albion U21,West Ham U21 vs Brighton & Hove Albion U21,Premier League Cup,2026-09-04 19:00,target__ht_over_1_5_goals,HT Over 1.5,58.9,50.3,8.7,1.99,0.6269,True,38.8
sr:match:68377896,Raagsveds IF,IFK Haninge,Raagsveds IF vs IFK Haninge,Division 2,2026-09-04 19:00,target__ht_over_1_5_goals,HT Over 1.5,61.1,56.2,5.0,1.78,0.6269,True,38.8
sr:match:72513166,Stuttgart,Cologne,Stuttgart vs Cologne,Bundesliga,2026-09-04 19:30,target__ht_over_1_5_goals,HT Over 1.5,58.9,50.5,8.4,1.98,0.6269,True,38.8
sr:match:72546040,Llanelli Town,Treowen Stars,Llanelli Town vs Treowen Stars,Cymru Championship South,2026-09-04 19:30,target__ht_over_1_5_goals,HT Over 1.5,58.9,48.8,10.1,2.05,0.6269,True,38.8
sr:match:72546042,Swansea University,Carmarthen Town,Swansea University vs Carmarthen Town,Cymru Championship South,2026-09-04 19:30,target__ht_over_1_5_goals,HT Over 1.5,58.9,52.1,6.8,1.92,0.6269,True,38.8
sr:match:72203020,Lommel SK,Club Brugge,Lommel SK vs Club Brugge,Pro League,2026-09-04 19:45,target__ht_over_1_5_goals,HT Over 1.5,58.9,55.6,3.3,1.8,0.6269,True,38.8
sr:match:66854900,Finn Harps FC,Athlone Town AFC,Finn Harps FC vs Athlone Town AFC,First Division,2026-09-04 19:45,target__ht_over_1_5_goals,HT Over 1.5,46.7,40.8,5.9,2.45,0.6269,True,38.8
sr:match:73487130,Cdt Real Oruro,San Antonio Bulo Bulo,Cdt Real Oruro vs San Antonio Bulo Bulo,Division Profesional,2026-09-04 20:00,target__ht_over_1_5_goals,HT Over 1.5,58.9,54.3,4.6,1.84,0.6269,True,38.8
sr:match:72530902,Porto,Moreirense FC,Porto vs Moreirense FC,Liga Portugal,2026-09-04 20:15,target__ht_over_1_5_goals,HT Over 1.5,46.7,42.6,4.2,2.35,0.6269,True,38.8
sr:match:74136182,JS Kabylie,MB Rouissat,JS Kabylie vs MB Rouissat,Ligue 1,2026-09-04 21:00,target__ht_over_1_5_goals,HT Over 1.5,38.4,33.3,5.1,3.0,0.6269,True,38.8
sr:match:68157088,Crown Legacy FC,Chicago Fire FC II,Crown Legacy FC vs Chicago Fire FC II,MLS Next Pro,2026-09-04 22:30,target__ht_over_1_5_goals,HT Over 1.5,58.9,52.9,6.0,1.89,0.6269,True,38.8
sr:match:68157090,Inter Miami CF II,Orlando City B,Inter Miami CF II vs Orlando City B,MLS Next Pro,2026-09-05 00:00,target__ht_over_1_5_goals,HT Over 1.5,58.9,53.2,5.7,1.88,0.6269,True,38.8
sr:match:67117930,Ferro Carril Oeste,Mitre Santiago del Estero,Ferro Carril Oeste vs Mitre Santiago del Estero,Primera Nacional,2026-09-05 00:00,target__ht_over_1_5_goals,HT Over 1.5,31.9,28.6,3.4,3.5,0.6269,True,38.8
sr:match:74151030,Atletico Choloma,Olancho FC,Atletico Choloma vs Olancho FC,Liga Nacional,2026-09-05 02:00,target__ht_over_1_5_goals,HT Over 1.5,58.9,47.6,11.3,2.1,0.6269,True,38.8
sr:match:68823240,Nautico PE,Botafogo FC SP,Nautico PE vs Botafogo FC SP,Brasileiro Serie B,2026-09-04 00:00,target__over_1_5_goals,Over 1.5 Goals,79.2,73.5,5.6,1.36,0.6116,True,77.7
sr:match:73661976,Gremio FB Porto Alegrense RS,SC Internacional RS,Gremio FB Porto Alegrense RS vs SC Internacional RS,Copa do Brasil,2026-09-04 00:00,target__over_1_5_goals,Over 1.5 Goals,70.9,66.2,4.7,1.51,0.6116,True,77.7
sr:match:72636180,Internacional de Palmira,Real Cundinamarca,Internacional de Palmira vs Real Cundinamarca,Torneo DIMAYOR,2026-09-04 00:00,target__over_1_5_goals,Over 1.5 Goals,80.5,74.6,5.9,1.34,0.6116,True,77.7
sr:match:68687866,Libertad Loja,CS Emelec,Libertad Loja vs CS Emelec,LigaPro Primera A,2026-09-04 01:00,target__over_1_5_goals,Over 1.5 Goals,70.6,66.2,4.3,1.51,0.6116,True,77.7
sr:match:72335056,Deportivo Pereira FC SA,Independiente Medellin,Deportivo Pereira FC SA vs Independiente Medellin,Liga DIMAYOR,2026-09-04 02:00,target__over_1_5_goals,Over 1.5 Goals,84.3,79.4,4.9,1.26,0.6116,True,77.7
sr:match:73576594,Arema FC,Adhyaksa Farmel FC,Arema FC vs Adhyaksa Farmel FC,Super League,2026-09-04 09:30,target__over_1_5_goals,Over 1.5 Goals,84.3,78.1,6.2,1.28,0.6116,True,77.7
sr:match:72409678,FC Chernomorets Odessa,FC Livyi Bereh Kyiv,FC Chernomorets Odessa vs FC Livyi Bereh Kyiv,Premier League,2026-09-04 11:00,target__over_1_5_goals,Over 1.5 Goals,70.9,67.1,3.8,1.49,0.6116,True,77.7
sr:match:73576596,Bali United FC,PSS Sleman,Bali United FC vs PSS Sleman,Super League,2026-09-04 13:00,target__over_1_5_goals,Over 1.5 Goals,79.2,70.4,8.7,1.42,0.6116,True,77.7
sr:match:72654236,Bangu AC RJ,CR Flamengo RJ,Bangu AC RJ vs CR Flamengo RJ,"U20 Carioca, Serie A",2026-09-04 14:00,target__over_1_5_goals,Over 1.5 Goals,86.2,78.1,8.1,1.28,0.6116,True,77.7
sr:match:73588088,Shabab AL Ordun,Ramtha SC,Shabab AL Ordun vs Ramtha SC,Jordan League,2026-09-04 16:00,target__over_1_5_goals,Over 1.5 Goals,79.2,73.5,5.6,1.36,0.6116,True,77.7
sr:match:73954144,Qadsia SC,Al-Nasr SC,Qadsia SC vs Al-Nasr SC,Premier League,2026-09-04 16:35,target__over_1_5_goals,Over 1.5 Goals,80.5,75.8,4.7,1.32,0.6116,True,77.7
sr:match:73860146,Gas Alshimal,AL Julan,Gas Alshimal vs AL Julan,Stars League,2026-09-04 16:45,target__over_1_5_goals,Over 1.5 Goals,70.9,66.7,4.2,1.5,0.6116,True,77.7
sr:match:67912788,FC Rustavi,FC Dinamo Batumi,FC Rustavi vs FC Dinamo Batumi,Erovnuli Liga,2026-09-04 17:00,target__over_1_5_goals,Over 1.5 Goals,81.1,76.9,4.2,1.3,0.6116,True,77.7
sr:match:72398654,ZKS Stal Stalowa Wola,Zawisza Bydgoszcz,ZKS Stal Stalowa Wola vs Zawisza Bydgoszcz,II Liga,2026-09-04 17:00,target__over_1_5_goals,Over 1.5 Goals,84.3,80.0,4.3,1.25,0.6116,True,77.7
sr:match:74136180,USM Khenchela,USM Alger,USM Khenchela vs USM Alger,Ligue 1,2026-09-04 17:00,target__over_1_5_goals,Over 1.5 Goals,79.2,68.5,10.7,1.46,0.6116,True,77.7
sr:match:73019542,Dodoma FC,Mashujaa FC,Dodoma FC vs Mashujaa FC,Premier League,2026-09-04 17:00,target__over_1_5_goals,Over 1.5 Goals,70.9,64.5,6.4,1.55,0.6116,True,77.7
sr:match:73409246,FK Kapaz,Shamakhi FK,FK Kapaz vs Shamakhi FK,Premier League,2026-09-04 17:15,target__over_1_5_goals,Over 1.5 Goals,70.6,67.1,3.4,1.49,0.6116,True,77.7
sr:match:73937056,FC Tekstilshchik Ivanovo,Torpedo Moscow,FC Tekstilshchik Ivanovo vs Torpedo Moscow,1. Liga,2026-09-04 17:30,target__over_1_5_goals,Over 1.5 Goals,87.2,72.5,14.7,1.38,0.6116,True,77.7
sr:match:73658728,AS Port,Zamalek SC,AS Port vs Zamalek SC,CAF Champions League,2026-09-04 18:00,target__over_1_5_goals,Over 1.5 Goals,84.3,76.9,7.4,1.3,0.6116,True,77.7
sr:match:73258790,Marumo Gallants FC,Polokwane City,Marumo Gallants FC vs Polokwane City,Premiership,2026-09-04 18:30,target__over_1_5_goals,Over 1.5 Goals,70.9,61.0,9.9,1.64,0.6116,True,77.7
sr:match:73258792,Richards Bay FC,AmaZulu FC,Richards Bay FC vs AmaZulu FC,Premiership,2026-09-04 18:30,target__over_1_5_goals,Over 1.5 Goals,70.6,62.9,7.7,1.59,0.6116,True,77.7
sr:match:72302116,FCV Dender EH,RFC Seraing,FCV Dender EH vs RFC Seraing,Challenger Pro League,2026-09-04 19:00,target__over_1_5_goals,Over 1.5 Goals,84.3,81.3,3.0,1.23,0.6116,True,77.7
sr:match:72302114,K Beerschot VA,Patro Eisden Maasmechelen,K Beerschot VA vs Patro Eisden Maasmechelen,Challenger Pro League,2026-09-04 19:00,target__over_1_5_goals,Over 1.5 Goals,80.5,76.9,3.6,1.3,0.6116,True,77.7
sr:match:71998172,FC Arda Kardzhali,Botev Plovdiv,FC Arda Kardzhali vs Botev Plovdiv,Parva Liga,2026-09-04 19:15,target__over_1_5_goals,Over 1.5 Goals,79.2,74.1,5.1,1.35,0.6116,True,77.7
sr:match:67117924,CA Defensores de Belgrano,CA Racing de Cordoba,CA Defensores de Belgrano vs CA Racing de Cordoba,Primera Nacional,2026-09-04 19:30,target__over_1_5_goals,Over 1.5 Goals,79.2,61.7,17.4,1.62,0.6116,True,77.7
sr:match:71945234,Genoa,Como 1907,Genoa vs Como 1907,Serie A,2026-09-04 19:45,target__over_1_5_goals,Over 1.5 Goals,86.2,69.9,16.3,1.43,0.6116,True,77.7
sr:match:72346284,Larne FC,Glentoran FC,Larne FC vs Glentoran FC,Premiership,2026-09-04 19:45,target__over_1_5_goals,Over 1.5 Goals,79.2,74.1,5.1,1.35,0.6116,True,77.7
sr:match:72939186,UD Santarem,Caldas SC,UD Santarem vs Caldas SC,Liga Portugal 3,2026-09-04 20:00,target__over_1_5_goals,Over 1.5 Goals,79.2,72.5,6.7,1.38,0.6116,True,77.7
sr:match:74236136,Carapegua,Paraguari AC,Carapegua vs Paraguari AC,Division Intermedia,2026-09-04 20:30,target__over_1_5_goals,Over 1.5 Goals,81.1,75.8,5.3,1.32,0.6116,True,77.7
sr:match:73265284,Estudiantes Rio Cuarto,CA Sarmiento Junin,Estudiantes Rio Cuarto vs CA Sarmiento Junin,Primera LPF,2026-09-04 20:45,target__over_1_5_goals,Over 1.5 Goals,70.9,61.3,9.6,1.63,0.6116,True,77.7
sr:match:74136182,JS Kabylie,MB Rouissat,JS Kabylie vs MB Rouissat,Ligue 1,2026-09-04 21:00,target__over_1_5_goals,Over 1.5 Goals,79.2,71.4,7.7,1.4,0.6116,True,77.7
sr:match:72636182,Itagui Leones FC,Atletico FC Cali,Itagui Leones FC vs Atletico FC Cali,Torneo DIMAYOR,2026-09-04 21:30,target__over_1_5_goals,Over 1.5 Goals,79.2,75.2,4.0,1.33,0.6116,True,77.7
sr:match:74247602,Asociacion Deportivo Cali,Orsomarso SC,Asociacion Deportivo Cali vs Orsomarso SC,Liga Femenina,2026-09-04 22:00,target__over_1_5_goals,Over 1.5 Goals,84.3,76.9,7.4,1.3,0.6116,True,77.7
sr:match:73265282,CA Belgrano de Cordoba,CA Huracan,CA Belgrano de Cordoba vs CA Huracan,Primera LPF,2026-09-04 23:00,target__over_1_5_goals,Over 1.5 Goals,70.9,58.8,12.1,1.7,0.6116,True,77.7
sr:match:73265260,CA Platense,Deportivo Riestra AFBC,CA Platense vs Deportivo Riestra AFBC,Primera LPF,2026-09-04 23:00,target__over_1_5_goals,Over 1.5 Goals,70.9,57.5,13.4,1.74,0.6116,True,77.7
sr:match:68098098,Santiago Wanderers,Deportes Iquique,Santiago Wanderers vs Deportes Iquique,Primera B,2026-09-04 23:00,target__over_1_5_goals,Over 1.5 Goals,84.3,78.1,6.2,1.28,0.6116,True,77.7
sr:match:67123428,Club Mercedes,Defensores de Cambaceres,Club Mercedes vs Defensores de Cambaceres,Primera C,2026-09-04 23:00,target__over_1_5_goals,Over 1.5 Goals,70.9,64.9,6.0,1.54,0.6116,True,77.7
sr:match:68823238,Criciuma EC SC,Cuiaba EC MT,Criciuma EC SC vs Cuiaba EC MT,Brasileiro Serie B,2026-09-04 23:30,target__over_1_5_goals,Over 1.5 Goals,70.9,64.1,6.8,1.56,0.6116,True,77.7
sr:match:67117930,Ferro Carril Oeste,Mitre Santiago del Estero,Ferro Carril Oeste vs Mitre Santiago del Estero,Primera Nacional,2026-09-05 00:00,target__over_1_5_goals,Over 1.5 Goals,79.2,64.9,14.2,1.54,0.6116,True,77.7
sr:match:66299460,New York City FC,Nashville SC,New York City FC vs Nashville SC,MLS,2026-09-05 00:30,target__over_1_5_goals,Over 1.5 Goals,86.2,79.4,6.8,1.26,0.6116,True,77.7
sr:match:67682024,Deportes Concepcion,Audax Italiano,Deportes Concepcion vs Audax Italiano,Primera Division,2026-09-05 01:30,target__over_1_5_goals,Over 1.5 Goals,80.5,75.8,4.7,1.32,0.6116,True,77.7
sr:match:72636186,Orsomarso SC,Real Cartagena FC,Orsomarso SC vs Real Cartagena FC,Torneo DIMAYOR,2026-09-05 01:30,target__over_1_5_goals,Over 1.5 Goals,79.2,73.0,6.2,1.37,0.6116,True,77.7
sr:match:68687886,CD Tecnico Universitario,LDU Quito,CD Tecnico Universitario vs LDU Quito,LigaPro Primera A,2026-09-05 01:30,target__over_1_5_goals,Over 1.5 Goals,77.8,73.0,4.8,1.37,0.6116,True,77.7
sr:match:73217376,Juventud Antoniana,Kimberley de Mar Del Plata,Juventud Antoniana vs Kimberley de Mar Del Plata,Torneo Federal A,2026-09-05 02:00,target__over_1_5_goals,Over 1.5 Goals,70.6,66.2,4.3,1.51,0.6116,True,77.7
sr:match:73580150,Academia Puerto Cabello,Deportivo La Guaira,Academia Puerto Cabello vs Deportivo La Guaira,Primera Division,2026-09-04 00:00,target__over_2_5_goals,Over 2.5 Goals,47.6,43.5,4.1,2.3,0.641,True,56.0
sr:match:73661976,Gremio FB Porto Alegrense RS,SC Internacional RS,Gremio FB Porto Alegrense RS vs SC Internacional RS,Copa do Brasil,2026-09-04 00:00,target__over_2_5_goals,Over 2.5 Goals,47.6,38.5,9.2,2.6,0.641,True,56.0
sr:match:72636180,Internacional de Palmira,Real Cundinamarca,Internacional de Palmira vs Real Cundinamarca,Torneo DIMAYOR,2026-09-04 00:00,target__over_2_5_goals,Over 2.5 Goals,52.5,48.8,3.7,2.05,0.641,True,56.0
sr:match:74151028,CD Olimpia Tegucigalpa,Platense FC Puerto Cortes,CD Olimpia Tegucigalpa vs Platense FC Puerto Cortes,Liga Nacional,2026-09-04 02:00,target__over_2_5_goals,Over 2.5 Goals,67.6,64.1,3.5,1.56,0.641,True,56.0
sr:match:72409678,FC Chernomorets Odessa,FC Livyi Bereh Kyiv,FC Chernomorets Odessa vs FC Livyi Bereh Kyiv,Premier League,2026-09-04 11:00,target__over_2_5_goals,Over 2.5 Goals,45.6,39.2,6.4,2.55,0.641,True,56.0
sr:match:73601716,Sheffield Wednesday U21,Wigan Athletic U21,Sheffield Wednesday U21 vs Wigan Athletic U21,U21 Professional Development League,2026-09-04 12:00,target__over_2_5_goals,Over 2.5 Goals,81.2,74.6,6.5,1.34,0.641,True,56.0
sr:match:73576596,Bali United FC,PSS Sleman,Bali United FC vs PSS Sleman,Super League,2026-09-04 13:00,target__over_2_5_goals,Over 2.5 Goals,47.6,43.5,4.1,2.3,0.641,True,56.0
sr:match:72654236,Bangu AC RJ,CR Flamengo RJ,Bangu AC RJ vs CR Flamengo RJ,"U20 Carioca, Serie A",2026-09-04 14:00,target__over_2_5_goals,Over 2.5 Goals,67.6,53.5,14.1,1.87,0.641,True,56.0
sr:match:73409236,Gabala FK,Imisli FK,Gabala FK vs Imisli FK,Premier League,2026-09-04 15:00,target__over_2_5_goals,Over 2.5 Goals,45.6,39.2,6.4,2.55,0.641,True,56.0
sr:match:74078070,Grankulla IFK,Esbo Bollklubb,Grankulla IFK vs Esbo Bollklubb,Kakkonen,2026-09-04 16:30,target__over_2_5_goals,Over 2.5 Goals,82.1,75.8,6.4,1.32,0.641,True,56.0
sr:match:73159922,Abha Club,Al-Ettifaq FC,Abha Club vs Al-Ettifaq FC,Saudi Pro League,2026-09-04 17:00,target__over_2_5_goals,Over 2.5 Goals,67.6,57.8,9.8,1.73,0.641,True,56.0
sr:match:71998184,FK Septemvri Sofia,POFC Botev Vratsa,FK Septemvri Sofia vs POFC Botev Vratsa,Parva Liga,2026-09-04 17:00,target__over_2_5_goals,Over 2.5 Goals,46.7,42.6,4.1,2.35,0.641,True,56.0
sr:match:72300756,FC Vlasim,FK Fotbal Trinec,FC Vlasim vs FK Fotbal Trinec,FNL,2026-09-04 17:00,target__over_2_5_goals,Over 2.5 Goals,67.6,64.5,3.1,1.55,0.641,True,56.0
sr:match:72300766,FK Usti nad Labem,SK Slavia Prague B,FK Usti nad Labem vs SK Slavia Prague B,FNL,2026-09-04 17:00,target__over_2_5_goals,Over 2.5 Goals,71.9,68.5,3.4,1.46,0.641,True,56.0
sr:match:73675422,AL-Khaldiya SC,Aali,AL-Khaldiya SC vs Aali,Premier League,2026-09-04 17:00,target__over_2_5_goals,Over 2.5 Goals,67.6,61.7,5.8,1.62,0.641,True,56.0
sr:match:72513846,Arminia Bielefeld,FC St. Pauli,Arminia Bielefeld vs FC St. Pauli,2. Bundesliga,2026-09-04 17:30,target__over_2_5_goals,Over 2.5 Goals,67.6,62.1,5.5,1.61,0.641,True,56.0
sr:match:72513834,Hannover 96,Karlsruher SC,Hannover 96 vs Karlsruher SC,2. Bundesliga,2026-09-04 17:30,target__over_2_5_goals,Over 2.5 Goals,81.2,69.9,11.2,1.43,0.641,True,56.0
sr:match:73937056,FC Tekstilshchik Ivanovo,Torpedo Moscow,FC Tekstilshchik Ivanovo vs Torpedo Moscow,1. Liga,2026-09-04 17:30,target__over_2_5_goals,Over 2.5 Goals,52.5,46.5,6.0,2.15,0.641,True,56.0
sr:match:67993690,IF Fuglafjordur,FC Hoyvik,IF Fuglafjordur vs FC Hoyvik,1st deild,2026-09-04 17:30,target__over_2_5_goals,Over 2.5 Goals,81.2,76.9,4.3,1.3,0.641,True,56.0
sr:match:67015368,Aalesunds FK,IK Start,Aalesunds FK vs IK Start,Eliteserien,2026-09-04 18:00,target__over_2_5_goals,Over 2.5 Goals,71.9,66.7,5.2,1.5,0.641,True,56.0
sr:match:67015356,Fredrikstad FK,Bodoe/Glimt,Fredrikstad FK vs Bodoe/Glimt,Eliteserien,2026-09-04 18:00,target__over_2_5_goals,Over 2.5 Goals,81.2,70.9,10.3,1.41,0.641,True,56.0
sr:match:71925000,Viborg FF,Lyngby BK,Viborg FF vs Lyngby BK,Superliga,2026-09-04 18:00,target__over_2_5_goals,Over 2.5 Goals,67.6,64.5,3.1,1.55,0.641,True,56.0
sr:match:67126326,IFK Norrkoping FK,Ljungskile SK,IFK Norrkoping FK vs Ljungskile SK,Superettan,2026-09-04 18:00,target__over_2_5_goals,Over 2.5 Goals,67.6,64.5,3.1,1.55,0.641,True,56.0
sr:match:68311792,FC Rosengaard 1917,Laholms FK,FC Rosengaard 1917 vs Laholms FK,Ettan,2026-09-04 18:00,target__over_2_5_goals,Over 2.5 Goals,67.6,64.1,3.5,1.56,0.641,True,56.0
sr:match:72680094,FC Ingolstadt 04,Alemannia Aachen,FC Ingolstadt 04 vs Alemannia Aachen,3. Liga,2026-09-04 18:00,target__over_2_5_goals,Over 2.5 Goals,67.6,63.7,3.9,1.57,0.641,True,56.0
sr:match:73258790,Marumo Gallants FC,Polokwane City,Marumo Gallants FC vs Polokwane City,Premiership,2026-09-04 18:30,target__over_2_5_goals,Over 2.5 Goals,45.6,33.3,12.3,3.0,0.641,True,56.0
sr:match:73954146,Al Arabi,Al Salibikhaet,Al Arabi vs Al Salibikhaet,Premier League,2026-09-04 18:50,target__over_2_5_goals,Over 2.5 Goals,67.6,61.7,5.8,1.62,0.641,True,56.0
sr:match:73658686,JS Saoura,Horoya AC,JS Saoura vs Horoya AC,CAF Champions League,2026-09-04 19:00,target__over_2_5_goals,Over 2.5 Goals,67.6,62.9,4.7,1.59,0.641,True,56.0
sr:match:72041104,Sparta Rotterdam,PEC Zwolle,Sparta Rotterdam vs PEC Zwolle,Eredivisie,2026-09-04 19:00,target__over_2_5_goals,Over 2.5 Goals,81.2,67.1,14.1,1.49,0.641,True,56.0
sr:match:72037320,Pau FC,Sochaux-Montbeliard,Pau FC vs Sochaux-Montbeliard,Ligue 2,2026-09-04 19:00,target__over_2_5_goals,Over 2.5 Goals,52.5,47.6,4.9,2.1,0.641,True,56.0
sr:match:72037308,US Boulogne,Dijon,US Boulogne vs Dijon,Ligue 2,2026-09-04 19:00,target__over_2_5_goals,Over 2.5 Goals,47.6,42.6,5.1,2.35,0.641,True,56.0
sr:match:73159926,Al-Shabab FC (SA),Al Hilal SFC,Al-Shabab FC (SA) vs Al Hilal SFC,Saudi Pro League,2026-09-04 19:00,target__over_2_5_goals,Over 2.5 Goals,80.0,72.5,7.6,1.38,0.641,True,56.0
sr:match:72044610,Almere City FC,Jong Ajax Amsterdam,Almere City FC vs Jong Ajax Amsterdam,Eerste Divisie,2026-09-04 19:00,target__over_2_5_goals,Over 2.5 Goals,81.2,78.1,3.1,1.28,0.641,True,56.0
sr:match:72044614,Helmond Sport,VVV Venlo,Helmond Sport vs VVV Venlo,Eerste Divisie,2026-09-04 19:00,target__over_2_5_goals,Over 2.5 Goals,67.6,63.3,4.3,1.58,0.641,True,56.0
sr:match:72044616,Heracles Almelo,De Graafschap,Heracles Almelo vs De Graafschap,Eerste Divisie,2026-09-04 19:00,target__over_2_5_goals,Over 2.5 Goals,82.1,76.9,5.2,1.3,0.641,True,56.0
sr:match:73684670,Leicester City U21,Bournemouth U21,Leicester City U21 vs Bournemouth U21,Premier League Cup,2026-09-04 19:00,target__over_2_5_goals,Over 2.5 Goals,81.2,69.4,11.7,1.44,0.641,True,56.0
sr:match:68377896,Raagsveds IF,IFK Haninge,Raagsveds IF vs IFK Haninge,Division 2,2026-09-04 19:00,target__over_2_5_goals,Over 2.5 Goals,81.2,78.1,3.1,1.28,0.641,True,56.0
sr:match:73860150,AL Naft Maysan,Newroz SC,AL Naft Maysan vs Newroz SC,Stars League,2026-09-04 19:00,target__over_2_5_goals,Over 2.5 Goals,47.6,44.4,3.2,2.25,0.641,True,56.0
sr:match:72176576,Etoile Carouge FC,FC Wil 1900,Etoile Carouge FC vs FC Wil 1900,Challenge League,2026-09-04 19:15,target__over_2_5_goals,Over 2.5 Goals,67.6,63.7,3.9,1.57,0.641,True,56.0
sr:match:72513166,Stuttgart,Cologne,Stuttgart vs Cologne,Bundesliga,2026-09-04 19:30,target__over_2_5_goals,Over 2.5 Goals,81.7,71.9,9.7,1.39,0.641,True,56.0
sr:match:67117924,CA Defensores de Belgrano,CA Racing de Cordoba,CA Defensores de Belgrano vs CA Racing de Cordoba,Primera Nacional,2026-09-04 19:30,target__over_2_5_goals,Over 2.5 Goals,45.6,34.5,11.1,2.9,0.641,True,56.0
sr:match:72546042,Swansea University,Carmarthen Town,Swansea University vs Carmarthen Town,Cymru Championship South,2026-09-04 19:30,target__over_2_5_goals,Over 2.5 Goals,81.2,73.0,8.2,1.37,0.641,True,56.0
sr:match:71945234,Genoa,Como 1907,Genoa vs Como 1907,Serie A,2026-09-04 19:45,target__over_2_5_goals,Over 2.5 Goals,52.5,43.5,9.0,2.3,0.641,True,56.0
sr:match:72203020,Lommel SK,Club Brugge,Lommel SK vs Club Brugge,Pro League,2026-09-04 19:45,target__over_2_5_goals,Over 2.5 Goals,82.1,76.9,5.2,1.3,0.641,True,56.0
sr:match:73831892,Drogheda United FC,Galway United FC,Drogheda United FC vs Galway United FC,FAI Cup,2026-09-04 19:45,target__over_2_5_goals,Over 2.5 Goals,47.6,44.4,3.2,2.25,0.641,True,56.0
sr:match:73831888,Waterford FC,Sligo Rovers FC,Waterford FC vs Sligo Rovers FC,FAI Cup,2026-09-04 19:45,target__over_2_5_goals,Over 2.5 Goals,56.7,53.2,3.5,1.88,0.641,True,56.0
sr:match:72522016,Connah`s Quay Nomads FC,Haverfordwest County AFC,Connah`s Quay Nomads FC vs Haverfordwest County AFC,Cymru Premier,2026-09-04 19:45,target__over_2_5_goals,Over 2.5 Goals,67.6,61.3,6.2,1.63,0.641,True,56.0
sr:match:72522012,Caernarfon Town FC,Flint Town United,Caernarfon Town FC vs Flint Town United,Cymru Premier,2026-09-04 19:45,target__over_2_5_goals,Over 2.5 Goals,71.9,68.5,3.4,1.46,0.641,True,56.0
sr:match:72546044,Trethomas Bluebirds,Caerphilly Athletic FC,Trethomas Bluebirds vs Caerphilly Athletic FC,Cymru Championship South,2026-09-04 19:45,target__over_2_5_goals,Over 2.5 Goals,67.6,63.7,3.9,1.57,0.641,True,56.0
sr:match:72478530,Betis,Real Madrid,Betis vs Real Madrid,LaLiga,2026-09-04 20:00,target__over_2_5_goals,Over 2.5 Goals,81.2,71.9,9.2,1.39,0.641,True,56.0
sr:match:70271438,Crusaders Strikers FC,Larne Ladies,Crusaders Strikers FC vs Larne Ladies,"Premiership, Women",2026-09-04 20:00,target__over_2_5_goals,Over 2.5 Goals,81.2,78.1,3.1,1.28,0.641,True,56.0
sr:match:72559028,SD Ponferradina,CD Lugo,SD Ponferradina vs CD Lugo,Primera Federacion,2026-09-04 20:15,target__over_2_5_goals,Over 2.5 Goals,47.6,41.7,6.0,2.4,0.641,True,56.0
sr:match:74136182,JS Kabylie,MB Rouissat,JS Kabylie vs MB Rouissat,Ligue 1,2026-09-04 21:00,target__over_2_5_goals,Over 2.5 Goals,50.0,44.4,5.6,2.25,0.641,True,56.0
sr:match:73265282,CA Belgrano de Cordoba,CA Huracan,CA Belgrano de Cordoba vs CA Huracan,Primera LPF,2026-09-04 23:00,target__over_2_5_goals,Over 2.5 Goals,40.0,32.3,7.7,3.1,0.641,True,56.0
sr:match:73265260,CA Platense,Deportivo Riestra AFBC,CA Platense vs Deportivo Riestra AFBC,Primera LPF,2026-09-04 23:00,target__over_2_5_goals,Over 2.5 Goals,45.6,30.3,15.3,3.3,0.641,True,56.0
sr:match:72636184,Bogota FC,Independiente Valle Del Cauca,Bogota FC vs Independiente Valle Del Cauca,Torneo DIMAYOR,2026-09-04 23:00,target__over_2_5_goals,Over 2.5 Goals,45.6,40.8,4.8,2.45,0.641,True,56.0
sr:match:74123914,Montevideo City Torque,Cerro Largo FC,Montevideo City Torque vs Cerro Largo FC,Primera Division,2026-09-04 23:00,target__over_2_5_goals,Over 2.5 Goals,52.5,48.8,3.7,2.05,0.641,True,56.0
sr:match:68157090,Inter Miami CF II,Orlando City B,Inter Miami CF II vs Orlando City B,MLS Next Pro,2026-09-05 00:00,target__over_2_5_goals,Over 2.5 Goals,81.2,74.1,7.1,1.35,0.641,True,56.0
sr:match:68687886,CD Tecnico Universitario,LDU Quito,CD Tecnico Universitario vs LDU Quito,LigaPro Primera A,2026-09-05 01:30,target__over_2_5_goals,Over 2.5 Goals,52.5,46.5,6.0,2.15,0.641,True,56.0
sr:match:73217376,Juventud Antoniana,Kimberley de Mar Del Plata,Juventud Antoniana vs Kimberley de Mar Del Plata,Torneo Federal A,2026-09-05 02:00,target__over_2_5_goals,Over 2.5 Goals,47.6,39.2,8.4,2.55,0.641,True,56.0
sr:match:74123490,Managua FC,Diriangen FC Diriamba,Managua FC vs Diriangen FC Diriamba,Primera Division,2026-09-04 00:00,target__over_3_5_goals,Over 3.5 Goals,40.1,33.3,6.8,3.0,0.6631,True,35.0
sr:match:72335056,Deportivo Pereira FC SA,Independiente Medellin,Deportivo Pereira FC SA vs Independiente Medellin,Liga DIMAYOR,2026-09-04 02:00,target__over_3_5_goals,Over 3.5 Goals,41.3,33.3,7.9,3.0,0.6631,True,35.0
sr:match:74151028,CD Olimpia Tegucigalpa,Platense FC Puerto Cortes,CD Olimpia Tegucigalpa vs Platense FC Puerto Cortes,Liga Nacional,2026-09-04 02:00,target__over_3_5_goals,Over 3.5 Goals,47.6,41.7,6.0,2.4,0.6631,True,35.0
sr:match:73576594,Arema FC,Adhyaksa Farmel FC,Arema FC vs Adhyaksa Farmel FC,Super League,2026-09-04 09:30,target__over_3_5_goals,Over 3.5 Goals,40.0,32.3,7.7,3.1,0.6631,True,35.0
sr:match:74182848,Salisbury Inter,West Adelaide,Salisbury Inter vs West Adelaide,"South Australia NPL, Women",2026-09-04 11:00,target__over_3_5_goals,Over 3.5 Goals,50.3,46.5,3.8,2.15,0.6631,True,35.0
sr:match:111111114287462,Hapoel Marmorek FC,Hapoel Hadera FC,Hapoel Marmorek FC vs Hapoel Hadera FC,Liga Alef,2026-09-04 11:30,target__over_3_5_goals,Over 3.5 Goals,40.0,30.8,9.2,3.25,0.6631,True,35.0
sr:match:74099878,Bayswater City,Olympic Kingsway SC,Bayswater City vs Olympic Kingsway SC,Western Australia NPL,2026-09-04 12:00,target__over_3_5_goals,Over 3.5 Goals,52.0,48.8,3.2,2.05,0.6631,True,35.0
sr:match:111111114287460,MK KFAR Saba 1928,FC Jerusalem,MK KFAR Saba 1928 vs FC Jerusalem,Liga Alef,2026-09-04 12:15,target__over_3_5_goals,Over 3.5 Goals,40.1,36.4,3.8,2.75,0.6631,True,35.0
sr:match:111111114287463,Holon Yermiyahu FC,Hapoel Nir Ramat Hasharon FC,Holon Yermiyahu FC vs Hapoel Nir Ramat Hasharon FC,Liga Alef,2026-09-04 12:20,target__over_3_5_goals,Over 3.5 Goals,40.0,32.3,7.7,3.1,0.6631,True,35.0
sr:match:72942458,Pattani FC,BG Pathum United,Pattani FC vs BG Pathum United,Thai League 1,2026-09-04 13:00,target__over_3_5_goals,Over 3.5 Goals,40.1,35.1,5.0,2.85,0.6631,True,35.0
sr:match:72654236,Bangu AC RJ,CR Flamengo RJ,Bangu AC RJ vs CR Flamengo RJ,"U20 Carioca, Serie A",2026-09-04 14:00,target__over_3_5_goals,Over 3.5 Goals,40.0,32.3,7.7,3.1,0.6631,True,35.0
sr:match:111111114287771,Maccabi Nujeidat Ahmad,MS Tira,Maccabi Nujeidat Ahmad vs MS Tira,Liga Alef,2026-09-04 14:00,target__over_3_5_goals,Over 3.5 Goals,40.1,33.3,6.8,3.0,0.6631,True,35.0
sr:match:68380524,Navbahor,Lokomotiv Tashkent,Navbahor vs Lokomotiv Tashkent,Superliga,2026-09-04 15:00,target__over_3_5_goals,Over 3.5 Goals,40.0,33.3,6.7,3.0,0.6631,True,35.0
sr:match:73086574,CSM Slatina,AFC Chindia Targoviste,CSM Slatina vs AFC Chindia Targoviste,Liga 2,2026-09-04 15:30,target__over_3_5_goals,Over 3.5 Goals,40.1,30.8,9.3,3.25,0.6631,True,35.0
sr:match:72409672,FC Polissya Zhytomyr,FK Kudrivka,FC Polissya Zhytomyr vs FK Kudrivka,Premier League,2026-09-04 16:00,target__over_3_5_goals,Over 3.5 Goals,40.1,35.1,5.0,2.85,0.6631,True,35.0
sr:match:72281298,NK Dekani,Tabor Sezana,NK Dekani vs Tabor Sezana,2. Liga,2026-09-04 16:00,target__over_3_5_goals,Over 3.5 Goals,41.3,37.0,4.2,2.7,0.6631,True,35.0
sr:match:68380526,Pakhtakor,FC Andijon,Pakhtakor vs FC Andijon,Superliga,2026-09-04 16:15,target__over_3_5_goals,Over 3.5 Goals,40.1,32.3,7.9,3.1,0.6631,True,35.0
sr:match:73159922,Abha Club,Al-Ettifaq FC,Abha Club vs Al-Ettifaq FC,Saudi Pro League,2026-09-04 17:00,target__over_3_5_goals,Over 3.5 Goals,40.1,36.4,3.8,2.75,0.6631,True,35.0
sr:match:72044310,Hobro IK,Hvidovre IF,Hobro IK vs Hvidovre IF,1. Division,2026-09-04 17:00,target__over_3_5_goals,Over 3.5 Goals,40.1,33.9,6.2,2.95,0.6631,True,35.0
sr:match:72044312,Vejle BK,Vendsyssel FF,Vejle BK vs Vendsyssel FF,1. Division,2026-09-04 17:00,target__over_3_5_goals,Over 3.5 Goals,50.3,43.5,6.8,2.3,0.6631,True,35.0
sr:match:72587350,MFK Karvina,SK Kladno,MFK Karvina vs SK Kladno,FNL,2026-09-04 17:00,target__over_3_5_goals,Over 3.5 Goals,50.3,44.4,5.9,2.25,0.6631,True,35.0
sr:match:72398654,ZKS Stal Stalowa Wola,Zawisza Bydgoszcz,ZKS Stal Stalowa Wola vs Zawisza Bydgoszcz,II Liga,2026-09-04 17:00,target__over_3_5_goals,Over 3.5 Goals,40.1,34.5,5.6,2.9,0.6631,True,35.0
sr:match:73945160,FC Noah Yerevan,Gandzasar Kapan FC,FC Noah Yerevan vs Gandzasar Kapan FC,Premier League,2026-09-04 17:00,target__over_3_5_goals,Over 3.5 Goals,54.5,50.0,4.5,2.0,0.6631,True,35.0
sr:match:73675422,AL-Khaldiya SC,Aali,AL-Khaldiya SC vs Aali,Premier League,2026-09-04 17:00,target__over_3_5_goals,Over 3.5 Goals,50.3,39.2,11.1,2.55,0.6631,True,35.0
sr:match:73074162,Al Wasl FC,Khor Fakkan Club,Al Wasl FC vs Khor Fakkan Club,Arabian Gulf League,2026-09-04 17:15,target__over_3_5_goals,Over 3.5 Goals,54.5,50.0,4.5,2.0,0.6631,True,35.0
sr:match:73937056,FC Tekstilshchik Ivanovo,Torpedo Moscow,FC Tekstilshchik Ivanovo vs Torpedo Moscow,1. Liga,2026-09-04 17:30,target__over_3_5_goals,Over 3.5 Goals,40.1,25.6,14.5,3.9,0.6631,True,35.0
sr:match:72814214,KF Egnatia Rrogozhine,Skenderbeu Korce,KF Egnatia Rrogozhine vs Skenderbeu Korce,Kategoria Superiore,2026-09-04 17:30,target__over_3_5_goals,Over 3.5 Goals,40.1,28.6,11.5,3.5,0.6631,True,35.0
sr:match:72036152,Lyon,AJ Auxerre,Lyon vs AJ Auxerre,Ligue 1,2026-09-04 18:00,target__over_3_5_goals,Over 3.5 Goals,40.1,37.0,3.1,2.7,0.6631,True,35.0
sr:match:73658728,AS Port,Zamalek SC,AS Port vs Zamalek SC,CAF Champions League,2026-09-04 18:00,target__over_3_5_goals,Over 3.5 Goals,40.1,30.8,9.3,3.25,0.6631,True,35.0
sr:match:67015368,Aalesunds FK,IK Start,Aalesunds FK vs IK Start,Eliteserien,2026-09-04 18:00,target__over_3_5_goals,Over 3.5 Goals,50.3,45.5,4.9,2.2,0.6631,True,35.0
sr:match:67126330,Osters IF,United IK Nordic,Osters IF vs United IK Nordic,Superettan,2026-09-04 18:00,target__over_3_5_goals,Over 3.5 Goals,50.3,45.5,4.9,2.2,0.6631,True,35.0
sr:match:72500700,BK Frem,Ringsted IF,BK Frem vs Ringsted IF,3rd Division,2026-09-04 18:00,target__over_3_5_goals,Over 3.5 Goals,41.3,37.7,3.5,2.65,0.6631,True,35.0
sr:match:72500702,Bronshoj BK,FC Helsingoer,Bronshoj BK vs FC Helsingoer,3rd Division,2026-09-04 18:00,target__over_3_5_goals,Over 3.5 Goals,40.0,32.3,7.7,3.1,0.6631,True,35.0
sr:match:72083038,FK Novi Pazar,FK Zeleznicar Pancevo,FK Novi Pazar vs FK Zeleznicar Pancevo,Superliga,2026-09-04 18:00,target__over_3_5_goals,Over 3.5 Goals,40.0,34.5,5.5,2.9,0.6631,True,35.0
sr:match:72224022,Baltijos Futbolo Akademija,FK Babrungas Plunge,Baltijos Futbolo Akademija vs FK Babrungas Plunge,1 Lyga,2026-09-04 18:00,target__over_3_5_goals,Over 3.5 Goals,40.0,32.3,7.7,3.1,0.6631,True,35.0
sr:match:72652006,FC Basel,FC St. Gallen-Staad,FC Basel vs FC St. Gallen-Staad,"Super League, Women",2026-09-04 18:00,target__over_3_5_goals,Over 3.5 Goals,40.1,36.4,3.8,2.75,0.6631,True,35.0
sr:match:72676000,SV Schwechat,Gerasd. Stammersd.,SV Schwechat vs Gerasd. Stammersd.,Wiener Stadtliga,2026-09-04 18:00,target__over_3_5_goals,Over 3.5 Goals,50.3,46.5,3.8,2.15,0.6631,True,35.0
sr:match:72176570,SC Kriens,Stade Lausanne Ouchy,SC Kriens vs Stade Lausanne Ouchy,Challenge League,2026-09-04 18:30,target__over_3_5_goals,Over 3.5 Goals,50.3,43.5,6.8,2.3,0.6631,True,35.0
sr:match:73954146,Al Arabi,Al Salibikhaet,Al Arabi vs Al Salibikhaet,Premier League,2026-09-04 18:50,target__over_3_5_goals,Over 3.5 Goals,42.5,39.2,3.3,2.55,0.6631,True,35.0
sr:match:73658686,JS Saoura,Horoya AC,JS Saoura vs Horoya AC,CAF Champions League,2026-09-04 19:00,target__over_3_5_goals,Over 3.5 Goals,50.3,40.8,9.5,2.45,0.6631,True,35.0
sr:match:72041104,Sparta Rotterdam,PEC Zwolle,Sparta Rotterdam vs PEC Zwolle,Eredivisie,2026-09-04 19:00,target__over_3_5_goals,Over 3.5 Goals,50.3,46.5,3.8,2.15,0.6631,True,35.0
sr:match:71913060,NK Varazdin,NK Istra 1961,NK Varazdin vs NK Istra 1961,HNL,2026-09-04 19:00,target__over_3_5_goals,Over 3.5 Goals,40.0,35.7,4.3,2.8,0.6631,True,35.0
sr:match:72302116,FCV Dender EH,RFC Seraing,FCV Dender EH vs RFC Seraing,Challenger Pro League,2026-09-04 19:00,target__over_3_5_goals,Over 3.5 Goals,40.1,36.4,3.8,2.75,0.6631,True,35.0
sr:match:72044612,FC Emmen,FC Volendam,FC Emmen vs FC Volendam,Eerste Divisie,2026-09-04 19:00,target__over_3_5_goals,Over 3.5 Goals,54.5,50.0,4.5,2.0,0.6631,True,35.0
sr:match:72044618,RKC Waalwijk,NAC Breda,RKC Waalwijk vs NAC Breda,Eerste Divisie,2026-09-04 19:00,target__over_3_5_goals,Over 3.5 Goals,51.6,45.5,6.2,2.2,0.6631,True,35.0
sr:match:72044620,Vitesse Arnhem,TOP Oss,Vitesse Arnhem vs TOP Oss,Eerste Divisie,2026-09-04 19:00,target__over_3_5_goals,Over 3.5 Goals,50.3,44.4,5.9,2.25,0.6631,True,35.0
sr:match:73684646,Bolton Wanderers,Southampton U21,Bolton Wanderers vs Southampton U21,Premier League Cup,2026-09-04 19:00,target__over_3_5_goals,Over 3.5 Goals,40.1,35.1,5.0,2.85,0.6631,True,35.0
sr:match:73685018,West Ham U21,Brighton & Hove Albion U21,West Ham U21 vs Brighton & Hove Albion U21,Premier League Cup,2026-09-04 19:00,target__over_3_5_goals,Over 3.5 Goals,54.5,50.0,4.5,2.0,0.6631,True,35.0
sr:match:72654240,Botafogo FR RJ,Sampaio Correa FE RJ,Botafogo FR RJ vs Sampaio Correa FE RJ,"U20 Carioca, Serie A",2026-09-04 19:00,target__over_3_5_goals,Over 3.5 Goals,41.3,32.3,9.0,3.1,0.6631,True,35.0
sr:match:72202634,Livingston FC,Stenhousemuir FC,Livingston FC vs Stenhousemuir FC,Championship,2026-09-04 19:30,target__over_3_5_goals,Over 3.5 Goals,40.1,35.7,4.4,2.8,0.6631,True,35.0
sr:match:72546038,Baglan Dragons,Afan Lido,Baglan Dragons vs Afan Lido,Cymru Championship South,2026-09-04 19:30,target__over_3_5_goals,Over 3.5 Goals,40.1,37.0,3.1,2.7,0.6631,True,35.0
sr:match:71945234,Genoa,Como 1907,Genoa vs Como 1907,Serie A,2026-09-04 19:45,target__over_3_5_goals,Over 3.5 Goals,41.3,23.3,18.0,4.3,0.6631,True,35.0
sr:match:73831888,Waterford FC,Sligo Rovers FC,Waterford FC vs Sligo Rovers FC,FAI Cup,2026-09-04 19:45,target__over_3_5_goals,Over 3.5 Goals,40.0,32.3,7.7,3.1,0.6631,True,35.0
sr:match:72738124,Altrincham FC,Eastleigh FC,Altrincham FC vs Eastleigh FC,National League,2026-09-04 19:45,target__over_3_5_goals,Over 3.5 Goals,41.3,35.7,5.6,2.8,0.6631,True,35.0
sr:match:72522016,Connah`s Quay Nomads FC,Haverfordwest County AFC,Connah`s Quay Nomads FC vs Haverfordwest County AFC,Cymru Premier,2026-09-04 19:45,target__over_3_5_goals,Over 3.5 Goals,42.5,39.2,3.3,2.55,0.6631,True,35.0
sr:match:72522020,Llandudno FC,Ammanford,Llandudno FC vs Ammanford,Cymru Premier,2026-09-04 19:45,target__over_3_5_goals,Over 3.5 Goals,50.3,45.5,4.9,2.2,0.6631,True,35.0
sr:match:72522012,Caernarfon Town FC,Flint Town United,Caernarfon Town FC vs Flint Town United,Cymru Premier,2026-09-04 19:45,target__over_3_5_goals,Over 3.5 Goals,50.3,46.5,3.8,2.15,0.6631,True,35.0
sr:match:66854896,Bray Wanderers AFC,Cork City FC,Bray Wanderers AFC vs Cork City FC,First Division,2026-09-04 19:45,target__over_3_5_goals,Over 3.5 Goals,50.3,44.4,5.9,2.25,0.6631,True,35.0
sr:match:66854900,Finn Harps FC,Athlone Town AFC,Finn Harps FC vs Athlone Town AFC,First Division,2026-09-04 19:45,target__over_3_5_goals,Over 3.5 Goals,40.1,35.7,4.4,2.8,0.6631,True,35.0
sr:match:66854902,Treaty United,Wexford FC,Treaty United vs Wexford FC,First Division,2026-09-04 19:45,target__over_3_5_goals,Over 3.5 Goals,40.1,32.3,7.9,3.1,0.6631,True,35.0
sr:match:73888458,Shamrock Rovers,Shelbourne FC,Shamrock Rovers vs Shelbourne FC,Premier Division,2026-09-04 20:00,target__over_3_5_goals,Over 3.5 Goals,40.1,32.3,7.9,3.1,0.6631,True,35.0
sr:match:72530902,Porto,Moreirense FC,Porto vs Moreirense FC,Liga Portugal,2026-09-04 20:15,target__over_3_5_goals,Over 3.5 Goals,41.3,37.7,3.5,2.65,0.6631,True,35.0
sr:match:70699108,KH Hlidarendi,Augnablik Kopavogur,KH Hlidarendi vs Augnablik Kopavogur,3. deild,2026-09-04 20:15,target__over_3_5_goals,Over 3.5 Goals,75.0,65.4,9.6,1.53,0.6631,True,35.0
sr:match:74236136,Carapegua,Paraguari AC,Carapegua vs Paraguari AC,Division Intermedia,2026-09-04 20:30,target__over_3_5_goals,Over 3.5 Goals,40.0,29.4,10.6,3.4,0.6631,True,35.0
sr:match:72636182,Itagui Leones FC,Atletico FC Cali,Itagui Leones FC vs Atletico FC Cali,Torneo DIMAYOR,2026-09-04 21:30,target__over_3_5_goals,Over 3.5 Goals,40.0,28.6,11.4,3.5,0.6631,True,35.0
sr:match:68098096,CSD Rangers,Deportes Temuco,CSD Rangers vs Deportes Temuco,Primera B,2026-09-04 23:00,target__over_3_5_goals,Over 3.5 Goals,40.0,30.0,10.0,3.33,0.6631,True,35.0
sr:match:68098098,Santiago Wanderers,Deportes Iquique,Santiago Wanderers vs Deportes Iquique,Primera B,2026-09-04 23:00,target__over_3_5_goals,Over 3.5 Goals,40.0,31.2,8.8,3.2,0.6631,True,35.0
sr:match:67172896,Loudoun United FC,Colorado Springs Switchbacks FC,Loudoun United FC vs Colorado Springs Switchbacks FC,USL Championship,2026-09-05 00:00,target__over_3_5_goals,Over 3.5 Goals,40.1,33.9,6.2,2.95,0.6631,True,35.0
sr:match:68157096,Houston Dynamo 2,Austin FC II,Houston Dynamo 2 vs Austin FC II,MLS Next Pro,2026-09-05 00:00,target__over_3_5_goals,Over 3.5 Goals,40.1,36.4,3.8,2.75,0.6631,True,35.0
sr:match:66299460,New York City FC,Nashville SC,New York City FC vs Nashville SC,MLS,2026-09-05 00:30,target__over_3_5_goals,Over 3.5 Goals,40.0,33.9,6.1,2.95,0.6631,True,35.0
sr:match:68157098,North Texas SC,Real Monarchs SLC,North Texas SC vs Real Monarchs SLC,MLS Next Pro,2026-09-05 01:00,target__over_3_5_goals,Over 3.5 Goals,50.3,45.5,4.9,2.2,0.6631,True,35.0
sr:match:67682024,Deportes Concepcion,Audax Italiano,Deportes Concepcion vs Audax Italiano,Primera Division,2026-09-05 01:30,target__over_3_5_goals,Over 3.5 Goals,40.0,29.4,10.6,3.4,0.6631,True,35.0
sr:match:72636186,Orsomarso SC,Real Cartagena FC,Orsomarso SC vs Real Cartagena FC,Torneo DIMAYOR,2026-09-05 01:30,target__over_3_5_goals,Over 3.5 Goals,40.0,26.7,13.3,3.75,0.6631,True,35.0
sr:match:68687886,CD Tecnico Universitario,LDU Quito,CD Tecnico Universitario vs LDU Quito,LigaPro Primera A,2026-09-05 01:30,target__over_3_5_goals,Over 3.5 Goals,40.0,26.3,13.7,3.8,0.6631,True,35.0
sr:match:74151030,Atletico Choloma,Olancho FC,Atletico Choloma vs Olancho FC,Liga Nacional,2026-09-05 02:00,target__over_3_5_goals,Over 3.5 Goals,50.3,45.5,4.9,2.2,0.6631,True,35.0
sr:match:74129864,Antigua GFC,Aurora FC,Antigua GFC vs Aurora FC,Liga Nacional,2026-09-05 02:00,target__over_3_5_goals,Over 3.5 Goals,40.1,33.3,6.8,3.0,0.6631,True,35.0
sr:match:74123490,Managua FC,Diriangen FC Diriamba,Managua FC vs Diriangen FC Diriamba,Primera Division,2026-09-04 00:00,target__over_4_5_goals,Over 4.5 Goals,22.4,17.9,4.5,5.6,0.6327,True,19.9
sr:match:111111114287463,Holon Yermiyahu FC,Hapoel Nir Ramat Hasharon FC,Holon Yermiyahu FC vs Hapoel Nir Ramat Hasharon FC,Liga Alef,2026-09-04 12:20,target__over_4_5_goals,Over 4.5 Goals,22.4,17.5,4.8,5.7,0.6327,True,19.9
sr:match:74291714,Hapoel Bnei Jat United,Hapoel Karmiel FC,Hapoel Bnei Jat United vs Hapoel Karmiel FC,Liga Alef,2026-09-04 12:25,target__over_4_5_goals,Over 4.5 Goals,31.1,23.3,7.8,4.3,0.6327,True,19.9
sr:match:73576596,Bali United FC,PSS Sleman,Bali United FC vs PSS Sleman,Super League,2026-09-04 13:00,target__over_4_5_goals,Over 4.5 Goals,20.0,12.7,7.3,7.9,0.6327,True,19.9
sr:match:72044312,Vejle BK,Vendsyssel FF,Vejle BK vs Vendsyssel FF,1. Division,2026-09-04 17:00,target__over_4_5_goals,Over 4.5 Goals,31.1,25.6,5.4,3.9,0.6327,True,19.9
sr:match:67604962,PK-35 Helsinki,Ekenas Idrottsforening,PK-35 Helsinki vs Ekenas Idrottsforening,Ykkosliiga,2026-09-04 17:00,target__over_4_5_goals,Over 4.5 Goals,31.1,21.3,9.8,4.7,0.6327,True,19.9
sr:match:72398654,ZKS Stal Stalowa Wola,Zawisza Bydgoszcz,ZKS Stal Stalowa Wola vs Zawisza Bydgoszcz,II Liga,2026-09-04 17:00,target__over_4_5_goals,Over 4.5 Goals,31.1,19.0,12.0,5.25,0.6327,True,19.9
sr:match:67126326,IFK Norrkoping FK,Ljungskile SK,IFK Norrkoping FK vs Ljungskile SK,Superettan,2026-09-04 18:00,target__over_4_5_goals,Over 4.5 Goals,31.1,25.0,6.1,4.0,0.6327,True,19.9
sr:match:72044620,Vitesse Arnhem,TOP Oss,Vitesse Arnhem vs TOP Oss,Eerste Divisie,2026-09-04 19:00,target__over_4_5_goals,Over 4.5 Goals,31.1,26.3,4.7,3.8,0.6327,True,19.9
sr:match:72546042,Swansea University,Carmarthen Town,Swansea University vs Carmarthen Town,Cymru Championship South,2026-09-04 19:30,target__over_4_5_goals,Over 4.5 Goals,39.3,33.3,6.0,3.0,0.6327,True,19.9
sr:match:72522016,Connah`s Quay Nomads FC,Haverfordwest County AFC,Connah`s Quay Nomads FC vs Haverfordwest County AFC,Cymru Premier,2026-09-04 19:45,target__over_4_5_goals,Over 4.5 Goals,31.1,22.2,8.8,4.5,0.6327,True,19.9
sr:match:66854900,Finn Harps FC,Athlone Town AFC,Finn Harps FC vs Athlone Town AFC,First Division,2026-09-04 19:45,target__over_4_5_goals,Over 4.5 Goals,31.1,19.6,11.4,5.1,0.6327,True,19.9
sr:match:73487130,Cdt Real Oruro,San Antonio Bulo Bulo,Cdt Real Oruro vs San Antonio Bulo Bulo,Division Profesional,2026-09-04 20:00,target__over_4_5_goals,Over 4.5 Goals,39.3,35.7,3.6,2.8,0.6327,True,19.9
sr:match:70699108,KH Hlidarendi,Augnablik Kopavogur,KH Hlidarendi vs Augnablik Kopavogur,3. deild,2026-09-04 20:15,target__over_4_5_goals,Over 4.5 Goals,50.0,45.5,4.5,2.2,0.6327,True,19.9
sr:match:68098096,CSD Rangers,Deportes Temuco,CSD Rangers vs Deportes Temuco,Primera B,2026-09-04 23:00,target__over_4_5_goals,Over 4.5 Goals,22.4,16.0,6.4,6.25,0.6327,True,19.9
sr:match:68098098,Santiago Wanderers,Deportes Iquique,Santiago Wanderers vs Deportes Iquique,Primera B,2026-09-04 23:00,target__over_4_5_goals,Over 4.5 Goals,22.4,16.9,5.4,5.9,0.6327,True,19.9
sr:match:68157094,Toronto FC II,FC Cincinnati 2,Toronto FC II vs FC Cincinnati 2,MLS Next Pro,2026-09-05 00:00,target__over_4_5_goals,Over 4.5 Goals,31.1,27.0,4.0,3.7,0.6327,True,19.9
sr:match:72661616,Alacranes de Durango,Tlaxcala FC,Alacranes de Durango vs Tlaxcala FC,Liga de Expansion MX,2026-09-05 02:00,target__over_4_5_goals,Over 4.5 Goals,22.4,16.9,5.4,5.9,0.6327,True,19.9
sr:match:72044610,Almere City FC,Jong Ajax Amsterdam,Almere City FC vs Jong Ajax Amsterdam,Eerste Divisie,2026-09-04 19:00,target__over_6_5_corners,Corners Over 6.5,83.8,13.8,70.0,7.25,0.5615,True,80.5
